GG	GC	CC	CG	CT	TG	GA	AG	CA	TC	AC	GT	AT	TT	AA	TA	cancer
0.0888598	0.0721648	0.0891251	0.0370219	0.0742955	0.0687040	0.0606894	0.0750189	0.0698958	0.0605408	0.0485200	0.0479201	0.0428843	0.0637374	0.0647580	0.0358641	background
0.0545396	0.0787236	0.1072050	0.0153607	0.0524367	0.0857639	0.0222639	0.0780836	0.0294871	0.1476180	0.0908384	0.0344244	0.0504709	0.0722776	0.0493280	0.0311786	Bile_Duct_Cancer
0.0541178	0.0708671	0.1049100	0.0180796	0.0524852	0.0816907	0.0227960	0.0821139	0.0314427	0.1497760	0.0958399	0.0345870	0.0483130	0.0721974	0.0476478	0.0331358	Healthy
0.0507499	0.0788605	0.1101780	0.0167909	0.0524950	0.0720687	0.0259881	0.0802754	0.0317423	0.1457880	0.0982926	0.0373078	0.0486275	0.0722102	0.0511744	0.0274502	Pancreatic_Cancer
0.0651448	0.0675947	0.1179290	0.0282851	0.0538976	0.0832962	0.0408686	0.0545657	0.0791759	0.1252780	0.0634744	0.0324053	0.0412027	0.0604677	0.0337416	0.0526726	Breast_Cancer
0.0501466	0.0741935	0.1000000	0.0195992	0.0527859	0.0811339	0.0200880	0.0842620	0.0327957	0.1486800	0.0939883	0.0372434	0.0489736	0.0760508	0.0517595	0.0282991	Healthy
0.0510706	0.0741196	0.1055340	0.0173745	0.0568621	0.0720136	0.0228150	0.0806131	0.0312390	0.1384700	0.0971686	0.0365625	0.0539956	0.0856441	0.0470925	0.0294255	Healthy
0.0648714	0.0685730	0.1215990	0.0254488	0.0595040	0.0829169	0.0423839	0.0539515	0.0793078	0.1191930	0.0732926	0.0323894	0.0400703	0.0570979	0.0334999	0.0459004	Breast_Cancer
0.0530699	0.0705534	0.1163270	0.0223018	0.0515556	0.0759224	0.0285655	0.0710352	0.0491465	0.1349120	0.0874174	0.0332461	0.0488023	0.0712417	0.0466685	0.0392346	Breast_Cancer
0.0576439	0.0805561	0.1148520	0.0181651	0.0613738	0.0677194	0.0234451	0.0705290	0.0322127	0.1354870	0.0993025	0.0413680	0.0553187	0.0745495	0.0428212	0.0246561	Breast_Cancer
0.0509911	0.0733424	0.1055370	0.0157895	0.0496241	0.0828435	0.0237867	0.0801777	0.0318524	0.1431990	0.1015720	0.0361586	0.0494874	0.0774436	0.0475735	0.0306220	Healthy
0.0501332	0.0751731	0.1057540	0.0173681	0.0528503	0.0758125	0.0241875	0.0824188	0.0332445	0.1422480	0.0982419	0.0362813	0.0506660	0.0722429	0.0519446	0.0314331	Healthy
0.0527678	0.0743699	0.1136360	0.0236274	0.0587309	0.0746512	0.0279028	0.0687444	0.0470297	0.1379390	0.0968159	0.0367912	0.0451733	0.0684068	0.0426418	0.0307718	Breast_Cancer
0.0557752	0.0803361	0.1161130	0.0199605	0.0562695	0.0742149	0.0276785	0.0710973	0.0434188	0.1409020	0.0935670	0.0377918	0.0455859	0.0662307	0.0407574	0.0303019	Breast_Cancer
0.0531596	0.0783460	0.1084440	0.0186721	0.0559813	0.0810632	0.0245245	0.0838501	0.0327458	0.1405280	0.0976451	0.0369261	0.0458789	0.0690100	0.0475510	0.0256741	Healthy
0.0551559	0.0735104	0.1033940	0.0199225	0.0555248	0.0795979	0.0204759	0.0744328	0.0333887	0.1408410	0.0974912	0.0389227	0.0509131	0.0809814	0.0476849	0.0277624	Healthy
0.0506650	0.0766068	0.1175750	0.0171591	0.0524926	0.0752868	0.0233526	0.0726977	0.0345720	0.1475280	0.1007720	0.0352320	0.0496497	0.0706671	0.0466037	0.0291400	Lung_Cancer
0.0463186	0.0725569	0.1004020	0.0152610	0.0546185	0.0708835	0.0210843	0.0774431	0.0291165	0.1524770	0.1026100	0.0390897	0.0546854	0.0834003	0.0497323	0.0303213	Breast_Cancer
0.0525635	0.0700641	0.0971777	0.0193493	0.0555829	0.0870101	0.0258812	0.0799852	0.0372812	0.1329180	0.0920631	0.0354326	0.0544737	0.0776436	0.0520089	0.0305645	Healthy
0.0557529	0.0742738	0.1025620	0.0196626	0.0561335	0.0813776	0.0244831	0.0826462	0.0338704	0.1465810	0.0960929	0.0352658	0.0482050	0.0691361	0.0478879	0.0260688	Colorectal_Cancer
0.0480284	0.0780757	0.1178230	0.0171530	0.0591088	0.0722003	0.0253549	0.0716483	0.0327681	0.1345030	0.1014590	0.0392744	0.0542981	0.0747240	0.0468060	0.0267744	Pancreatic_Cancer
0.0543255	0.0803199	0.1148200	0.0190778	0.0494652	0.0772770	0.0240939	0.0793125	0.0324644	0.1478970	0.0993146	0.0341988	0.0462249	0.0679406	0.0453214	0.0279468	Healthy
0.0529449	0.0721178	0.1005010	0.0185464	0.0525689	0.0764411	0.0223058	0.0884085	0.0286967	0.1513780	0.0966165	0.0340852	0.0498747	0.0749373	0.0527569	0.0278195	Healthy
0.0545378	0.0764090	0.1045420	0.0185999	0.0573418	0.0765025	0.0224787	0.0860361	0.0312646	0.1330030	0.0977194	0.0372465	0.0541172	0.0751939	0.0483223	0.0266847	Ovarian_Cancer
0.0479726	0.0774659	0.1080200	0.0152566	0.0567023	0.0711022	0.0237007	0.0791385	0.0320225	0.1406540	0.0956596	0.0398548	0.0569471	0.0752631	0.0537652	0.0264747	Ovarian_Cancer
0.0517847	0.0789349	0.1109740	0.0196507	0.0642681	0.0713879	0.0291912	0.0749478	0.0353142	0.1217490	0.0894247	0.0462787	0.0552971	0.0734289	0.0489368	0.0284317	Colorectal_Cancer
0.0498844	0.0793599	0.1106050	0.0174830	0.0537495	0.0760006	0.0232987	0.0787097	0.0325820	0.1518930	0.0983962	0.0376029	0.0465612	0.0692458	0.0478616	0.0267664	Healthy
0.0454207	0.0783693	0.1135050	0.0162416	0.0533321	0.0685499	0.0224311	0.0741344	0.0309475	0.1562730	0.1041510	0.0346240	0.0521221	0.0747394	0.0480733	0.0270849	Pancreatic_Cancer
0.0518774	0.0736928	0.1001870	0.0197684	0.0580770	0.0832846	0.0235700	0.0782548	0.0331033	0.1422390	0.0952158	0.0370804	0.0558545	0.0757399	0.0449175	0.0271377	Healthy
0.0475389	0.0729595	0.1018690	0.0155763	0.0544548	0.0747040	0.0234268	0.0732087	0.0326480	0.1480370	0.1014950	0.0380685	0.0567601	0.0754517	0.0523988	0.0314019	Healthy
0.0507687	0.0802434	0.1085260	0.0181699	0.0540163	0.0771191	0.0218696	0.0795856	0.0283647	0.1407140	0.0985365	0.0369563	0.0535230	0.0770780	0.0478089	0.0267204	Healthy
0.0709155	0.0673811	0.1294040	0.0356858	0.0536997	0.0895565	0.0392772	0.0535857	0.0804355	0.1193140	0.0704025	0.0254247	0.0380800	0.0489682	0.0339756	0.0438947	Breast_Cancer
0.0537018	0.0758625	0.1091040	0.0198942	0.0547721	0.0827248	0.0214681	0.0839839	0.0330521	0.1417150	0.0909720	0.0367036	0.0499874	0.0749182	0.0452657	0.0258751	Healthy
0.0502596	0.0735506	0.1083070	0.0174863	0.0516297	0.0775166	0.0238679	0.0799683	0.0310787	0.1513200	0.0978872	0.0349365	0.0511970	0.0736588	0.0487814	0.0285549	Healthy
0.0484047	0.0719877	0.1065200	0.0187277	0.0571740	0.0764467	0.0222949	0.0712446	0.0349782	0.1405570	0.0925981	0.0404281	0.0537059	0.0818966	0.0537554	0.0292806	Lung_Cancer
0.0527588	0.0682642	0.1100820	0.0147000	0.0547725	0.0807491	0.0224191	0.0790710	0.0310780	0.1423680	0.0989395	0.0378574	0.0568533	0.0761847	0.0482615	0.0256410	Bile_Duct_Cancer
0.0514515	0.0784163	0.1030800	0.0172292	0.0585910	0.0726929	0.0247817	0.0800094	0.0303281	0.1432620	0.0997758	0.0388836	0.0538707	0.0718079	0.0490323	0.0267878	Healthy
0.0535296	0.0720094	0.1077980	0.0174325	0.0552544	0.0817420	0.0226685	0.0824196	0.0325243	0.1410000	0.0999754	0.0361587	0.0521744	0.0746581	0.0456449	0.0250092	Healthy
0.0510033	0.0751115	0.1068840	0.0158863	0.0551839	0.0785256	0.0224359	0.0820792	0.0315635	0.1423490	0.0939939	0.0363016	0.0540691	0.0801979	0.0459866	0.0284281	Healthy
0.0512872	0.0723384	0.1012340	0.0189059	0.0570528	0.0799812	0.0241352	0.0819254	0.0321802	0.1352910	0.0937919	0.0413650	0.0568517	0.0781040	0.0471976	0.0283588	Healthy
0.0521982	0.0780512	0.1141080	0.0165354	0.0554134	0.0762467	0.0238517	0.0744094	0.0343504	0.1465880	0.0981627	0.0361549	0.0515092	0.0709646	0.0437008	0.0277559	Breast_Cancer
0.0591791	0.0765114	0.1123680	0.0192180	0.0509706	0.0838602	0.0237105	0.0866057	0.0330837	0.1348590	0.0989185	0.0369107	0.0495563	0.0633389	0.0435663	0.0273433	Pancreatic_Cancer
0.0454545	0.0685315	0.0985140	0.0180070	0.0523601	0.0773601	0.0224650	0.0819930	0.0267483	0.1511360	0.1000000	0.0358392	0.0514860	0.0865385	0.0524476	0.0311189	Healthy
0.0504529	0.0711502	0.1033280	0.0200653	0.0559301	0.0846851	0.0223826	0.0874236	0.0317042	0.1364550	0.0931641	0.0370760	0.0509796	0.0752054	0.0498736	0.0301243	Ovarian_Cancer
0.0520632	0.0785023	0.1069280	0.0192562	0.0578706	0.0762608	0.0221600	0.0801834	0.0342333	0.1436580	0.0922567	0.0362710	0.0496689	0.0771268	0.0475293	0.0260316	Healthy
0.0485597	0.0768141	0.1060920	0.0162128	0.0460412	0.0706753	0.0275460	0.0720919	0.0343932	0.1485130	0.1016060	0.0354163	0.0519440	0.0709901	0.0594994	0.0336062	Bile_Duct_Cancer
0.0526358	0.0797160	0.1197950	0.0176121	0.0565674	0.0710102	0.0249940	0.0728155	0.0343015	0.1387310	0.1002970	0.0367087	0.0514724	0.0686432	0.0461767	0.0285244	Breast_Cancer
0.0495437	0.0725376	0.1030580	0.0184307	0.0567145	0.0778120	0.0247126	0.0751452	0.0341946	0.1423490	0.0993837	0.0380467	0.0511438	0.0774564	0.0497807	0.0296906	Lung_Cancer
0.0484505	0.0788043	0.1096210	0.0150902	0.0637720	0.0679348	0.0269426	0.0757401	0.0361355	0.1245950	0.1024510	0.0415703	0.0591466	0.0723289	0.0504741	0.0269426	Bile_Duct_Cancer
0.0520281	0.0719777	0.0970308	0.0176962	0.0568001	0.0813229	0.0239263	0.0837089	0.0338017	0.1357370	0.0945785	0.0388388	0.0507025	0.0783404	0.0513653	0.0321448	Healthy
0.0471278	0.0722087	0.1020090	0.0161812	0.0520496	0.0739617	0.0213053	0.0774676	0.0310814	0.1529130	0.0970200	0.0365426	0.0539374	0.0840750	0.0490831	0.0330367	Healthy
0.0520642	0.0737385	0.1057340	0.0184060	0.0515482	0.0784404	0.0232225	0.0866399	0.0351491	0.1498850	0.0927752	0.0340596	0.0473624	0.0742546	0.0474197	0.0293005	Healthy
0.0491706	0.0823915	0.1158860	0.0156763	0.0512669	0.0673988	0.0234688	0.0756015	0.0274790	0.1535730	0.1055410	0.0374590	0.0513580	0.0704521	0.0488516	0.0244258	Pancreatic_Cancer
0.0456881	0.0733266	0.1047250	0.0139133	0.0533342	0.0744548	0.0238782	0.0752695	0.0324016	0.1464030	0.0980822	0.0401730	0.0577212	0.0796566	0.0513913	0.0295813	Pancreatic_Cancer
0.0481418	0.0739280	0.1055460	0.0178959	0.0554603	0.0789022	0.0225843	0.0762150	0.0314465	0.1438540	0.0962264	0.0350486	0.0531732	0.0805603	0.0507147	0.0303030	Healthy
0.0504642	0.0788881	0.1108480	0.0165015	0.0520497	0.0773965	0.0227183	0.0789298	0.0300615	0.1529050	0.1002090	0.0351622	0.0486284	0.0710233	0.0475644	0.0266507	Healthy
0.0497485	0.0754053	0.1030180	0.0181107	0.0519843	0.0806596	0.0249860	0.0822247	0.0319732	0.1401900	0.0993851	0.0363890	0.0514813	0.0750140	0.0504192	0.0290106	Healthy
0.0474138	0.0690350	0.1020580	0.0159205	0.0529755	0.0825918	0.0234983	0.0836346	0.0307286	0.1441180	0.1026140	0.0357341	0.0542269	0.0795328	0.0472747	0.0286429	Healthy
0.0505355	0.0767344	0.1076360	0.0159243	0.0572404	0.0763930	0.0225361	0.0808474	0.0319727	0.1375290	0.0973770	0.0391588	0.0553158	0.0749496	0.0494025	0.0264473	Healthy
0.0587865	0.0771966	0.1129820	0.0239017	0.0590115	0.0777818	0.0315538	0.0688243	0.0502341	0.1349480	0.0879996	0.0338495	0.0441574	0.0643680	0.0418167	0.0325891	Lung_Cancer
0.0501481	0.0751609	0.1101140	0.0173431	0.0526861	0.0785003	0.0234098	0.0778658	0.0324042	0.1485180	0.0977470	0.0361333	0.0503818	0.0734577	0.0468308	0.0292985	Healthy
0.0525401	0.0871351	0.1288390	0.0153229	0.0666625	0.0594907	0.0333628	0.0644825	0.0369329	0.1218560	0.0967711	0.0462846	0.0544673	0.0688108	0.0430620	0.0239795	Breast_Cancer
0.0486303	0.0735109	0.1033550	0.0157075	0.0511435	0.0794169	0.0222418	0.0818673	0.0330485	0.1494720	0.1001510	0.0378236	0.0483162	0.0747047	0.0501382	0.0304725	Healthy
0.0492988	0.0763452	0.1038920	0.0151689	0.0545220	0.0763452	0.0254007	0.0777762	0.0314110	0.1375930	0.1043930	0.0383515	0.0555953	0.0782770	0.0474385	0.0281912	Healthy
0.0504471	0.0744563	0.1030470	0.0183795	0.0512198	0.0788718	0.0248924	0.0821283	0.0347169	0.1447730	0.0957611	0.0366486	0.0517717	0.0748979	0.0502263	0.0277624	Healthy
0.0502658	0.0707029	0.1018310	0.0187242	0.0510927	0.0795038	0.0222682	0.0845245	0.0347312	0.1480800	0.0977555	0.0356172	0.0481985	0.0736562	0.0500295	0.0330183	Healthy
0.0524122	0.0752265	0.1051980	0.0179339	0.0528792	0.0792780	0.0231062	0.0829325	0.0298314	0.1441600	0.0963011	0.0365216	0.0512680	0.0761255	0.0492247	0.0276013	Healthy
0.0503483	0.0797385	0.1110840	0.0152756	0.0538922	0.0766834	0.0228523	0.0777832	0.0309789	0.1468900	0.0944030	0.0386166	0.0519980	0.0749725	0.0468655	0.0276182	Pancreatic_Cancer
0.0560811	0.0778586	0.1091480	0.0192827	0.0574844	0.0779106	0.0216736	0.0819127	0.0294179	0.1372140	0.0974012	0.0388254	0.0495842	0.0757277	0.0450624	0.0254158	Colorectal_Cancer
0.0546300	0.0785915	0.1109910	0.0180117	0.0539810	0.0758330	0.0242319	0.0795651	0.0322912	0.1317610	0.0975768	0.0411077	0.0534401	0.0725335	0.0499243	0.0255301	Lung_Cancer
0.0458215	0.0777540	0.1186690	0.0158278	0.0569009	0.0679012	0.0245726	0.0686926	0.0350190	0.1380970	0.1049780	0.0404004	0.0574945	0.0737971	0.0475625	0.0265116	Pancreatic_Cancer
0.0505393	0.0706672	0.1072230	0.0185603	0.0593178	0.0756208	0.0233885	0.0798846	0.0336092	0.1406450	0.0986958	0.0391272	0.0530474	0.0740532	0.0497241	0.0258967	Healthy
0.0484923	0.0776615	0.1115690	0.0140923	0.0534769	0.0812923	0.0224000	0.0608000	0.0335385	0.1400620	0.1074460	0.0371692	0.0566769	0.0776615	0.0469538	0.0307077	Gastric_cancer
0.0496605	0.0772567	0.1020870	0.0169097	0.0568896	0.0758109	0.0252703	0.0762509	0.0328137	0.1410610	0.0980639	0.0378426	0.0534322	0.0761881	0.0484033	0.0320593	Pancreatic_Cancer
0.0514262	0.0703634	0.1066400	0.0179903	0.0543851	0.0769322	0.0229021	0.0817256	0.0316014	0.1430350	0.0949817	0.0375784	0.0509528	0.0776423	0.0516629	0.0301811	Healthy
0.0511053	0.0803684	0.1049470	0.0159474	0.0551579	0.0746842	0.0243684	0.0781579	0.0299474	0.1422630	0.1026320	0.0375263	0.0535789	0.0714737	0.0499474	0.0278947	Pancreatic_Cancer
0.0499484	0.0736319	0.1062210	0.0172303	0.0489158	0.0760196	0.0239417	0.0812468	0.0338152	0.1514580	0.0980253	0.0340733	0.0528523	0.0737610	0.0480769	0.0307821	Healthy
0.0497499	0.0724477	0.1041780	0.0162127	0.0498425	0.0828701	0.0211692	0.0887530	0.0303409	0.1479530	0.0979711	0.0358533	0.0501668	0.0728182	0.0512322	0.0284417	Breast_Cancer
0.0541728	0.0729973	0.1010250	0.0193474	0.0563690	0.0816252	0.0259360	0.0819389	0.0308513	0.1383600	0.0942794	0.0368647	0.0503556	0.0740954	0.0518720	0.0299101	Healthy
0.0488128	0.0782192	0.1015070	0.0147489	0.0504110	0.0783562	0.0223288	0.0874429	0.0274429	0.1513240	0.1037440	0.0356621	0.0498174	0.0731050	0.0478082	0.0292694	Breast_Cancer
0.0498864	0.0762126	0.1037740	0.0180283	0.0609503	0.0768053	0.0217327	0.0793737	0.0327966	0.1360270	0.0973032	0.0387237	0.0542823	0.0778425	0.0499852	0.0262768	Gastric_cancer
0.0559042	0.0765830	0.1080290	0.0189199	0.0505087	0.0822637	0.0223427	0.0837136	0.0311846	0.1424700	0.0985216	0.0364138	0.0484645	0.0717342	0.0459926	0.0269538	Healthy
0.0504676	0.0801984	0.1123560	0.0175244	0.0515383	0.0771647	0.0229852	0.0755586	0.0314084	0.1530800	0.1011490	0.0348347	0.0497894	0.0689557	0.0460775	0.0269113	Healthy
0.0523437	0.0775451	0.1110390	0.0172617	0.0520790	0.0784273	0.0218785	0.0778392	0.0300241	0.1532670	0.1011880	0.0356408	0.0491678	0.0701641	0.0461095	0.0260248	Healthy
0.0519029	0.0701304	0.1015610	0.0169446	0.0512615	0.0815694	0.0241608	0.0836541	0.0335151	0.1453920	0.0928480	0.0341565	0.0542014	0.0769724	0.0525444	0.0291854	Healthy
0.0414888	0.0772132	0.1169940	0.0146598	0.0549388	0.0695986	0.0232707	0.0715912	0.0340877	0.1543550	0.1063910	0.0350128	0.0512383	0.0701679	0.0491033	0.0298890	Gastric_cancer
0.0553047	0.0739032	0.1079100	0.0191874	0.0519678	0.0876926	0.0276769	0.0766022	0.0379821	0.1340170	0.0925999	0.0365100	0.0512808	0.0724311	0.0457356	0.0291982	Gastric_cancer
0.0512004	0.0807828	0.1086590	0.0190010	0.0547275	0.0781659	0.0242348	0.0778814	0.0341905	0.1441010	0.0955740	0.0366936	0.0500057	0.0704289	0.0457959	0.0285584	Healthy
0.0493403	0.0711497	0.1014400	0.0179725	0.0515617	0.0805735	0.0224825	0.0816505	0.0337911	0.1509830	0.0980075	0.0337911	0.0512251	0.0758616	0.0483980	0.0317717	Healthy
0.0494934	0.0762199	0.1043440	0.0161290	0.0552579	0.0721439	0.0247467	0.0743566	0.0329568	0.1471990	0.0989286	0.0406428	0.0525213	0.0734832	0.0500175	0.0315593	Healthy
0.0519302	0.0826018	0.1061870	0.0193020	0.0549445	0.0750397	0.0239027	0.0809096	0.0303014	0.1403490	0.0989952	0.0363829	0.0525648	0.0725542	0.0480169	0.0260180	Ovarian_Cancer
0.0649610	0.0683179	0.1179460	0.0269461	0.0421884	0.0905462	0.0326619	0.0631464	0.0629650	0.1336420	0.0832880	0.0288514	0.0422791	0.0593359	0.0396480	0.0432771	Gastric_cancer
0.0490293	0.0760238	0.1030180	0.0179963	0.0536347	0.0803458	0.0199802	0.0845260	0.0335837	0.1470170	0.0986963	0.0371263	0.0481791	0.0778659	0.0464078	0.0265694	Healthy
0.0490180	0.0803500	0.1127150	0.0159266	0.0550870	0.0741785	0.0225915	0.0770548	0.0301406	0.1472680	0.1008190	0.0368891	0.0505352	0.0722610	0.0486084	0.0265568	Healthy
0.0512173	0.0773776	0.1093730	0.0175669	0.0512050	0.0788487	0.0230956	0.0787996	0.0322774	0.1526470	0.0971756	0.0337730	0.0481403	0.0721431	0.0476500	0.0287101	Healthy
0.0552433	0.0702635	0.1044050	0.0183376	0.0562108	0.0847309	0.0227608	0.0822429	0.0337726	0.1426000	0.0927479	0.0340951	0.0516955	0.0704018	0.0494840	0.0310081	Colorectal_Cancer
0.0553152	0.0777009	0.1097110	0.0194117	0.0550990	0.0797015	0.0251974	0.0877041	0.0326052	0.1433980	0.0949497	0.0327133	0.0466638	0.0643993	0.0475830	0.0278469	Colorectal_Cancer
0.0498334	0.0846702	0.1205530	0.0168565	0.0543285	0.0719600	0.0225141	0.0764163	0.0297605	0.1455860	0.1015660	0.0377432	0.0493684	0.0666899	0.0479346	0.0242192	Breast_Cancer
0.0471910	0.0766185	0.1069020	0.0150883	0.0486891	0.0731942	0.0218834	0.0802568	0.0282504	0.1609950	0.1002680	0.0355805	0.0517389	0.0763510	0.0494917	0.0275013	Breast_Cancer
0.0479107	0.0768431	0.1041890	0.0181033	0.0550755	0.0774448	0.0223693	0.0791402	0.0304091	0.1431310	0.1050650	0.0367534	0.0519033	0.0748195	0.0486764	0.0281667	Ovarian_Cancer
0.0488831	0.0736484	0.1147620	0.0177512	0.0519586	0.0802309	0.0220136	0.0823352	0.0323190	0.1436280	0.0987914	0.0356102	0.0488292	0.0719758	0.0502860	0.0269774	Pancreatic_Cancer
0.0539592	0.0746325	0.1088190	0.0180180	0.0627786	0.0738265	0.0240872	0.0809862	0.0323850	0.1284970	0.0940256	0.0406828	0.0569464	0.0766240	0.0500711	0.0236605	Bile_Duct_Cancer
0.0500057	0.0738502	0.1018760	0.0185897	0.0598938	0.0788790	0.0215844	0.0750932	0.0339021	0.1408630	0.0961691	0.0397220	0.0549780	0.0796135	0.0484801	0.0265002	Lung_Cancer
0.0483976	0.0793349	0.1018900	0.0167655	0.0541404	0.0772045	0.0230641	0.0804928	0.0325584	0.1441270	0.1017510	0.0353835	0.0534457	0.0746110	0.0484439	0.0283901	Healthy
0.0495864	0.0789727	0.1154290	0.0174586	0.0550693	0.0749808	0.0227010	0.0780589	0.0315506	0.1449600	0.0995094	0.0372259	0.0517507	0.0728165	0.0441997	0.0257311	Healthy
0.0527106	0.0887956	0.1245050	0.0189813	0.0561245	0.0720333	0.0224635	0.0761300	0.0328759	0.1302400	0.1001640	0.0396695	0.0522327	0.0671514	0.0437321	0.0221904	Colorectal_Cancer
0.0536580	0.0753636	0.1087480	0.0195020	0.0565227	0.0769061	0.0240194	0.0813134	0.0275452	0.1390480	0.1025780	0.0377920	0.0540987	0.0750331	0.0434112	0.0244601	Lung_Cancer
0.0563356	0.0771364	0.1050440	0.0194141	0.0614491	0.0771364	0.0255677	0.0783498	0.0344947	0.1300050	0.0900503	0.0381349	0.0546022	0.0764431	0.0486219	0.0272144	Healthy
0.0541282	0.0762035	0.1056370	0.0174607	0.0501372	0.0749563	0.0254428	0.0809429	0.0315540	0.1428660	0.1003990	0.0372287	0.0495136	0.0747069	0.0503866	0.0284360	Healthy
0.0617347	0.0734438	0.1098770	0.0227759	0.0511816	0.0902260	0.0250878	0.0930730	0.0352984	0.1314540	0.0896695	0.0344422	0.0429617	0.0636613	0.0482918	0.0268216	Bile_Duct_Cancer
0.0493515	0.0795346	0.1119110	0.0175949	0.0598417	0.0705703	0.0236029	0.0727160	0.0300877	0.1415700	0.1018020	0.0419130	0.0525939	0.0752432	0.0470151	0.0246519	Pancreatic_Cancer
0.0488643	0.0790928	0.1095230	0.0174901	0.0583002	0.0723866	0.0230505	0.0738694	0.0312732	0.1505020	0.0999865	0.0377435	0.0520995	0.0765316	0.0435735	0.0257127	Healthy
0.0481505	0.0694044	0.1003130	0.0191850	0.0547962	0.0801881	0.0240125	0.0850157	0.0292163	0.1416930	0.0942947	0.0380564	0.0541693	0.0772414	0.0541693	0.0300940	Breast_Cancer
0.0639898	0.0804745	0.1117180	0.0210515	0.0594230	0.0791936	0.0230007	0.0793050	0.0324683	0.1313210	0.0916128	0.0407106	0.0472822	0.0710626	0.0418245	0.0255625	Colorectal_Cancer
0.0503943	0.0766956	0.1083990	0.0186120	0.0552839	0.0770505	0.0216877	0.0821372	0.0324527	0.1411280	0.0992508	0.0397871	0.0533912	0.0718849	0.0456625	0.0261830	Healthy
0.0532464	0.0749393	0.1056330	0.0176477	0.0503641	0.0798443	0.0255866	0.0841424	0.0308455	0.1434570	0.0966828	0.0358515	0.0524373	0.0711974	0.0490999	0.0290251	Ovarian_Cancer
0.0523486	0.0762390	0.1046570	0.0168971	0.0508529	0.0776134	0.0215862	0.0856173	0.0301560	0.1521140	0.0941062	0.0364621	0.0487913	0.0778155	0.0483467	0.0263966	Breast_Cancer
0.0582349	0.0790682	0.1049870	0.0205052	0.0526575	0.0789042	0.0219816	0.0798885	0.0316601	0.1268040	0.0926837	0.0396982	0.0544619	0.0797244	0.0482283	0.0305118	Lung_Cancer
0.0498498	0.0712913	0.1042640	0.0179580	0.0574174	0.0805405	0.0240841	0.0793994	0.0327327	0.1370570	0.0967568	0.0400000	0.0533934	0.0750150	0.0515916	0.0286486	Healthy
0.0516843	0.0790415	0.1113150	0.0170131	0.0551404	0.0772648	0.0240593	0.0795892	0.0317261	0.1468630	0.0994499	0.0358151	0.0496763	0.0701455	0.0460132	0.0252032	Healthy
0.0518348	0.0755117	0.1063950	0.0194986	0.0555286	0.0802955	0.0233136	0.0784789	0.0315490	0.1413950	0.0959792	0.0354245	0.0531065	0.0758750	0.0502604	0.0255541	Healthy
0.0526776	0.0709369	0.1019130	0.0161591	0.0588613	0.0823708	0.0251429	0.0801540	0.0343601	0.1364480	0.0975965	0.0376269	0.0523860	0.0774705	0.0488274	0.0270680	Healthy
0.0480111	0.0743397	0.1019730	0.0171992	0.0566515	0.0700196	0.0230681	0.0718944	0.0322791	0.1455820	0.1028690	0.0390447	0.0582002	0.0798011	0.0483371	0.0307304	Breast_Cancer
0.0509723	0.0780653	0.1103650	0.0168009	0.0572777	0.0721666	0.0213571	0.0790416	0.0318526	0.1420550	0.1000330	0.0408429	0.0559352	0.0696445	0.0466602	0.0269303	Ovarian_Cancer
0.0623767	0.0788204	0.1086750	0.0238252	0.0719141	0.0749836	0.0250311	0.0798071	0.0335453	0.1220490	0.0866404	0.0435577	0.0517065	0.0709640	0.0416941	0.0244099	Colorectal_Cancer
0.0555594	0.0786890	0.1053800	0.0193957	0.0517218	0.0848085	0.0231642	0.0884387	0.0295257	0.1462450	0.0978426	0.0330521	0.0440810	0.0696999	0.0464666	0.0259300	Healthy
0.0478702	0.0795681	0.1127090	0.0163217	0.0594646	0.0732982	0.0261246	0.0711584	0.0342854	0.1377390	0.0960888	0.0370223	0.0566779	0.0728503	0.0501095	0.0287122	Breast_Cancer
0.0496775	0.0814352	0.1112740	0.0173892	0.0542085	0.0767001	0.0224508	0.0805372	0.0273900	0.1503800	0.1019680	0.0351457	0.0474733	0.0722100	0.0464528	0.0253082	Healthy
0.0516350	0.0750915	0.1063160	0.0159658	0.0524964	0.0781985	0.0228874	0.0820900	0.0309779	0.1452610	0.0971175	0.0361307	0.0535269	0.0730766	0.0505891	0.0286400	Healthy
0.0512742	0.0792559	0.1063200	0.0153415	0.0570336	0.0754332	0.0235474	0.0796636	0.0305810	0.1394500	0.0984709	0.0366972	0.0520387	0.0749745	0.0501529	0.0297655	Breast_Cancer
0.0551534	0.0712250	0.1045120	0.0200285	0.0547221	0.0835646	0.0232353	0.0831708	0.0321994	0.1427690	0.0926787	0.0363439	0.0496399	0.0734003	0.0485522	0.0288050	Healthy
0.0483559	0.0754352	0.0986460	0.0163028	0.0565764	0.0761951	0.0222437	0.0794418	0.0296353	0.1511470	0.0977480	0.0372340	0.0540895	0.0779221	0.0482177	0.0308096	Pancreatic_Cancer
0.0538539	0.0755255	0.1039040	0.0164665	0.0557558	0.0760761	0.0242743	0.0738739	0.0314815	0.1499500	0.0975475	0.0372873	0.0529029	0.0746246	0.0472973	0.0291792	Healthy
0.0580317	0.0746193	0.1077950	0.0175456	0.0539982	0.0884844	0.0218312	0.0884340	0.0298477	0.1392560	0.0946355	0.0355450	0.0492084	0.0677120	0.0479480	0.0251084	Pancreatic_Cancer
0.0505334	0.0734641	0.1087750	0.0183368	0.0596045	0.0781359	0.0244880	0.0790703	0.0321965	0.1345090	0.0978743	0.0391264	0.0546601	0.0740481	0.0474188	0.0277583	Healthy
0.0507778	0.0697094	0.1033170	0.0165835	0.0537129	0.0802025	0.0224538	0.0783681	0.0296448	0.1473440	0.0972263	0.0342677	0.0538597	0.0816701	0.0534928	0.0273701	Healthy
0.0520701	0.0725590	0.1060480	0.0182281	0.0590646	0.0726296	0.0246573	0.0796241	0.0324290	0.1386180	0.0973576	0.0412604	0.0525646	0.0796948	0.0467006	0.0264943	Healthy
0.0504846	0.0756349	0.1074710	0.0152742	0.0502392	0.0763097	0.0233714	0.0793154	0.0327567	0.1439700	0.0985155	0.0382775	0.0553306	0.0742854	0.0512821	0.0274813	Lung_Cancer
0.0528032	0.0739370	0.1027840	0.0181237	0.0539320	0.0824031	0.0246457	0.0758184	0.0348677	0.1437350	0.0998997	0.0345541	0.0492914	0.0750031	0.0465320	0.0316694	Lung_Cancer
0.0495868	0.0739828	0.0988557	0.0162111	0.0521297	0.0768436	0.0259059	0.0861411	0.0309917	0.1393830	0.0955181	0.0371901	0.0553878	0.0823268	0.0499841	0.0295613	Healthy
0.0522272	0.0697224	0.0963848	0.0171078	0.0584893	0.0792770	0.0231117	0.0821175	0.0335055	0.1432540	0.0967721	0.0372498	0.0550678	0.0732731	0.0513880	0.0310523	Healthy
0.0550966	0.0731989	0.1066700	0.0159762	0.0549143	0.0825538	0.0247844	0.0813388	0.0324383	0.1329120	0.1007780	0.0360224	0.0544891	0.0738671	0.0457417	0.0292188	Pancreatic_Cancer
0.0488330	0.0760323	0.1097850	0.0169659	0.0613106	0.0785458	0.0219479	0.0833034	0.0309695	0.1360860	0.0994165	0.0389587	0.0551616	0.0739228	0.0452424	0.0235189	Bile_Duct_Cancer
0.0562002	0.0697609	0.1007270	0.0180344	0.0536838	0.0836712	0.0245352	0.0865371	0.0320844	0.1432270	0.0921292	0.0362086	0.0506081	0.0777296	0.0453656	0.0294981	Healthy
0.0474946	0.0776287	0.1047050	0.0166700	0.0508483	0.0752614	0.0215526	0.0803906	0.0310712	0.1470700	0.1023870	0.0358059	0.0543007	0.0746202	0.0518347	0.0283587	Ovarian_Cancer
0.0515394	0.0763505	0.1012180	0.0159017	0.0531747	0.0768016	0.0248675	0.0821022	0.0301116	0.1399570	0.1002590	0.0375550	0.0554302	0.0755611	0.0522161	0.0269539	Ovarian_Cancer
0.0571702	0.0796969	0.1118420	0.0204863	0.0537142	0.0755330	0.0246919	0.0804880	0.0336859	0.1394900	0.0956862	0.0366422	0.0465939	0.0702865	0.0468021	0.0271902	Pancreatic_Cancer
0.0541882	0.0771802	0.1103010	0.0166110	0.0553530	0.0792059	0.0228907	0.0868024	0.0280057	0.1418010	0.0965259	0.0368176	0.0508964	0.0705966	0.0479084	0.0249164	Lung_Cancer
0.0523069	0.0746978	0.0973970	0.0175179	0.0571799	0.0789539	0.0230693	0.0829632	0.0299778	0.1460650	0.0956699	0.0403405	0.0522453	0.0771034	0.0476807	0.0268320	Healthy
0.0501879	0.0822894	0.1135300	0.0177733	0.0522628	0.0723458	0.0238412	0.0765346	0.0337848	0.1410510	0.1018240	0.0364861	0.0510883	0.0698011	0.0490918	0.0281084	Breast_Cancer
0.0547392	0.0789218	0.1159980	0.0181977	0.0638867	0.0712826	0.0271993	0.0760023	0.0309946	0.1238810	0.0944920	0.0458836	0.0581452	0.0683632	0.0473433	0.0246691	Bile_Duct_Cancer
0.0480964	0.0739042	0.1063770	0.0175429	0.0586008	0.0753439	0.0239949	0.0796097	0.0320998	0.1414630	0.0980591	0.0351392	0.0541751	0.0787565	0.0503893	0.0264477	Healthy
0.0518362	0.0692090	0.1005650	0.0175847	0.0553672	0.0808616	0.0212571	0.0816384	0.0338277	0.1425850	0.0906780	0.0411017	0.0528249	0.0813559	0.0479520	0.0313559	Healthy
0.0558725	0.0753041	0.1069540	0.0191086	0.0523199	0.0828937	0.0229303	0.0861234	0.0326192	0.1373670	0.0916137	0.0357412	0.0493056	0.0727742	0.0496286	0.0294434	Colorectal_Cancer
0.0554837	0.0765003	0.1084450	0.0150026	0.0583290	0.0764356	0.0259959	0.0793456	0.0313632	0.1330190	0.1002970	0.0372478	0.0540610	0.0717796	0.0497284	0.0269659	Pancreatic_Cancer
0.0494842	0.0888357	0.1329770	0.0156595	0.0660280	0.0621960	0.0237288	0.0683493	0.0337878	0.1257180	0.1001470	0.0442520	0.0570007	0.0649226	0.0451363	0.0217760	Breast_Cancer
0.0568328	0.0809145	0.1098450	0.0201965	0.0508284	0.0866620	0.0220588	0.0878179	0.0287375	0.1450040	0.0967120	0.0346134	0.0449525	0.0693874	0.0418058	0.0236322	Ovarian_Cancer
0.0499915	0.0802415	0.1121560	0.0168501	0.0508540	0.0777753	0.0219161	0.0811041	0.0288286	0.1526840	0.1008460	0.0338582	0.0467964	0.0708749	0.0480113	0.0272129	Healthy
0.0503553	0.0765833	0.1090210	0.0173926	0.0575224	0.0741118	0.0240655	0.0759654	0.0331789	0.1376890	0.0990114	0.0396664	0.0539079	0.0746679	0.0500463	0.0268150	Pancreatic_Cancer
0.0471550	0.0794037	0.1119830	0.0151540	0.0557024	0.0731274	0.0234949	0.0753159	0.0320836	0.1367580	0.1024030	0.0380296	0.0543810	0.0745313	0.0527707	0.0277067	Breast_Cancer
0.0479831	0.0791314	0.1157690	0.0192339	0.0489183	0.0775049	0.0245608	0.0774236	0.0345641	0.1553350	0.1000330	0.0333848	0.0429001	0.0701041	0.0442827	0.0288712	Healthy
0.0505463	0.0780847	0.1113970	0.0172781	0.0586302	0.0725771	0.0248290	0.0792840	0.0322466	0.1347160	0.0976281	0.0426846	0.0552989	0.0698232	0.0481922	0.0267833	Breast_Cancer
0.0427859	0.0767595	0.1122520	0.0139176	0.0497144	0.0742677	0.0226693	0.0745108	0.0330619	0.1510880	0.1078770	0.0365868	0.0525100	0.0708035	0.0511122	0.0300839	Gastric_cancer
0.0492974	0.0768256	0.1073490	0.0177378	0.0575904	0.0750403	0.0218844	0.0806842	0.0309261	0.1452430	0.0988252	0.0388735	0.0530408	0.0713545	0.0490094	0.0263188	Healthy
0.0549267	0.0747071	0.1045330	0.0196106	0.0514177	0.0846681	0.0235441	0.0824325	0.0307035	0.1436980	0.0964401	0.0378063	0.0471730	0.0700379	0.0499745	0.0283264	Healthy
0.0504533	0.0768624	0.1024830	0.0172448	0.0561687	0.0774537	0.0234529	0.0789318	0.0306464	0.1410130	0.0950926	0.0387268	0.0558731	0.0791289	0.0479898	0.0284785	Bile_Duct_Cancer
0.0513679	0.0701767	0.1034480	0.0168139	0.0562838	0.0810772	0.0235110	0.0864919	0.0300655	0.1365060	0.0963950	0.0338416	0.0568538	0.0790111	0.0493730	0.0287831	Healthy
0.0507978	0.0769758	0.1021570	0.0155198	0.0557841	0.0832710	0.0219397	0.0822737	0.0282972	0.1424830	0.0943032	0.0364622	0.0576540	0.0812142	0.0469334	0.0239342	Healthy
0.0492731	0.0721729	0.1013770	0.0171105	0.0530040	0.0784768	0.0208414	0.0837514	0.0315194	0.1419010	0.0915991	0.0393670	0.0546764	0.0826579	0.0533256	0.0289464	Healthy
0.0532352	0.0795816	0.1089890	0.0181713	0.0487021	0.0801627	0.0246029	0.0807052	0.0340953	0.1473460	0.0975978	0.0329717	0.0457962	0.0678419	0.0487795	0.0314219	Healthy
0.0506036	0.0701977	0.1056250	0.0172761	0.0563331	0.0782453	0.0244927	0.0759710	0.0312281	0.1456440	0.0923286	0.0384885	0.0531840	0.0771956	0.0516533	0.0315343	Healthy
0.0498266	0.0744831	0.1026710	0.0183639	0.0548350	0.0815462	0.0208681	0.0852061	0.0269038	0.1462050	0.0975986	0.0373700	0.0529729	0.0757673	0.0471940	0.0281880	Breast_Cancer
0.0502753	0.0698348	0.0969284	0.0211533	0.0557085	0.0814981	0.0248479	0.0770067	0.0337583	0.1325700	0.0998986	0.0375978	0.0548392	0.0787453	0.0515793	0.0337583	Healthy
0.0487510	0.0771689	0.1011810	0.0160728	0.0564485	0.0745062	0.0230442	0.0812355	0.0333559	0.1428160	0.1009390	0.0397463	0.0508327	0.0752808	0.0493803	0.0292409	Pancreatic_Cancer
0.0546374	0.0772535	0.1085140	0.0185930	0.0602370	0.0831793	0.0228879	0.0806241	0.0308253	0.1372730	0.0905730	0.0372948	0.0505056	0.0736653	0.0467000	0.0272371	Colorectal_Cancer
0.0558755	0.0842286	0.1149630	0.0202126	0.0625761	0.0755344	0.0244213	0.0793000	0.0311219	0.1322410	0.0937535	0.0416990	0.0518884	0.0641267	0.0448555	0.0232030	Colorectal_Cancer
0.0555293	0.0852434	0.1143080	0.0209712	0.0539934	0.0795723	0.0202032	0.0840028	0.0288871	0.1453800	0.0952268	0.0342037	0.0473181	0.0661626	0.0438327	0.0251654	Colorectal_Cancer
0.0491024	0.0723337	0.1003830	0.0174894	0.0508184	0.0815734	0.0242212	0.0817054	0.0321410	0.1434130	0.0983369	0.0362328	0.0564282	0.0758976	0.0500924	0.0298310	Healthy
0.0499305	0.0744323	0.0992238	0.0171455	0.0560125	0.0774444	0.0225904	0.0785449	0.0300046	0.1433040	0.0987025	0.0367817	0.0557808	0.0802247	0.0512048	0.0286724	Healthy
0.0498386	0.0764408	0.1086680	0.0205164	0.0519594	0.0820655	0.0230060	0.0855694	0.0316275	0.1510830	0.0951591	0.0309820	0.0479945	0.0696634	0.0468880	0.0285385	Healthy
0.0517560	0.0718577	0.1055910	0.0172135	0.0525069	0.0798290	0.0226433	0.0796557	0.0302103	0.1515130	0.1001620	0.0358711	0.0472505	0.0747458	0.0508318	0.0283618	Healthy
0.0486270	0.0711527	0.0968965	0.0162328	0.0527746	0.0775172	0.0259582	0.0831665	0.0335383	0.1489560	0.0991848	0.0333238	0.0494851	0.0805921	0.0517019	0.0308924	Healthy
0.0505843	0.0724247	0.1049420	0.0178410	0.0561313	0.0772066	0.0225534	0.0811713	0.0330910	0.1397370	0.0971691	0.0393163	0.0545837	0.0755721	0.0492801	0.0283960	Healthy
0.0535829	0.0745455	0.1077010	0.0190374	0.0550802	0.0728342	0.0252406	0.0758289	0.0339037	0.1422460	0.0944385	0.0343316	0.0555080	0.0770053	0.0483422	0.0303743	Healthy
0.0495335	0.0760857	0.1112780	0.0192950	0.0546596	0.0798871	0.0236148	0.0819030	0.0316784	0.1436470	0.0992397	0.0385900	0.0484967	0.0694620	0.0467112	0.0259187	Healthy
0.0540252	0.0733381	0.1043400	0.0205326	0.0523480	0.0860947	0.0268855	0.0795893	0.0381683	0.1400690	0.0927018	0.0334418	0.0473674	0.0733889	0.0469608	0.0307481	Gastric_cancer
0.0511441	0.0765949	0.1114020	0.0185670	0.0525015	0.0744134	0.0224452	0.0741710	0.0322862	0.1422340	0.0992341	0.0382490	0.0514834	0.0762556	0.0510471	0.0279717	Breast_Cancer
0.0505844	0.0755820	0.1076020	0.0169433	0.0578529	0.0688537	0.0248011	0.0750417	0.0321678	0.1455160	0.0981731	0.0372753	0.0525980	0.0788233	0.0506826	0.0275022	Healthy
0.0491158	0.0742223	0.1041050	0.0163289	0.0577643	0.0733832	0.0235575	0.0749968	0.0334968	0.1467020	0.0950691	0.0427262	0.0545372	0.0751259	0.0478250	0.0310443	Lung_Cancer
0.0510558	0.0718038	0.1055260	0.0180166	0.0543124	0.0822565	0.0241097	0.0843051	0.0296775	0.1410860	0.0934972	0.0369787	0.0548377	0.0754806	0.0492699	0.0277865	Ovarian_Cancer
0.0472403	0.0739335	0.1080380	0.0152446	0.0568812	0.0836346	0.0213304	0.0552543	0.0282598	0.1605810	0.0953242	0.0429019	0.0604965	0.0897204	0.0325982	0.0285611	Gastric_cancer
0.0504932	0.0775450	0.1034270	0.0182549	0.0513577	0.0803926	0.0221702	0.0840537	0.0326452	0.1519880	0.0975796	0.0365097	0.0452558	0.0736296	0.0466287	0.0280687	Ovarian_Cancer
0.0505973	0.0781579	0.1062680	0.0159654	0.0542208	0.0776968	0.0229708	0.0830771	0.0319088	0.1400650	0.0984276	0.0369378	0.0524859	0.0740733	0.0497189	0.0274288	Healthy
0.0523368	0.0700464	0.1046170	0.0187847	0.0532421	0.0782505	0.0289691	0.0686885	0.0397759	0.1417340	0.0956207	0.0344574	0.0534684	0.0750820	0.0496775	0.0352495	Gastric_cancer
0.0530454	0.0745035	0.1052910	0.0160602	0.0611089	0.0777689	0.0233240	0.0803679	0.0303878	0.1350790	0.0977609	0.0368519	0.0557777	0.0762362	0.0505131	0.0259230	Bile_Duct_Cancer
0.0482190	0.0841502	0.1137300	0.0163261	0.0527751	0.0707925	0.0219522	0.0786967	0.0305467	0.1519400	0.1031000	0.0341364	0.0482190	0.0705509	0.0475286	0.0273367	Healthy
0.0545635	0.0724206	0.1064810	0.0180225	0.0618386	0.0735780	0.0214947	0.0816799	0.0289352	0.1327710	0.0993717	0.0391865	0.0603505	0.0795304	0.0446429	0.0251323	Lung_Cancer
0.0584994	0.0721704	0.1014200	0.0188639	0.0492794	0.0861594	0.0208775	0.0925180	0.0260704	0.1438110	0.0912463	0.0395295	0.0490674	0.0763035	0.0467359	0.0274481	Lung_Cancer
0.0556734	0.0804613	0.1097560	0.0193973	0.0506805	0.0818310	0.0203252	0.0862937	0.0267762	0.1472250	0.1014490	0.0348180	0.0468805	0.0689731	0.0447154	0.0247437	Colorectal_Cancer
0.0550406	0.0742033	0.1036760	0.0214539	0.0521766	0.0827953	0.0222350	0.0856592	0.0306707	0.1403350	0.0937305	0.0350448	0.0502499	0.0748802	0.0488961	0.0289523	Healthy
0.0554058	0.0814995	0.1127250	0.0183526	0.0535357	0.0733235	0.0230930	0.0768026	0.0317039	0.1414720	0.0965904	0.0362268	0.0519701	0.0728886	0.0472297	0.0271810	Lung_Cancer
0.0544416	0.0754114	0.1060870	0.0164563	0.0492890	0.0818821	0.0242451	0.0812830	0.0332721	0.1438730	0.0958220	0.0365474	0.0500080	0.0713373	0.0504873	0.0295574	Lung_Cancer
0.0532541	0.0750853	0.1033890	0.0190656	0.0537837	0.0782041	0.0251265	0.0789102	0.0357773	0.1373430	0.0960927	0.0360127	0.0546075	0.0717900	0.0518418	0.0297164	Healthy
0.0542208	0.0792743	0.1097990	0.0160030	0.0502304	0.0752016	0.0242307	0.0815781	0.0288794	0.1464950	0.0973753	0.0364078	0.0518759	0.0725276	0.0505595	0.0253415	Breast_Cancer
0.0599147	0.0811087	0.1246060	0.0231130	0.0601279	0.0744563	0.0310874	0.0679318	0.0518124	0.1243070	0.0899360	0.0391471	0.0471642	0.0586780	0.0381237	0.0284861	Lung_Cancer
0.0488330	0.0774593	0.1078220	0.0164865	0.0529710	0.0767935	0.0223606	0.0792868	0.0299838	0.1517600	0.1012430	0.0341087	0.0498512	0.0729689	0.0494204	0.0286524	Healthy
0.0498859	0.0785784	0.1097570	0.0160988	0.0514754	0.0756847	0.0211933	0.0780486	0.0299560	0.1548340	0.0983860	0.0352136	0.0473997	0.0750734	0.0510271	0.0273883	Healthy
0.0477210	0.0799429	0.1078820	0.0170287	0.0564393	0.0763740	0.0234526	0.0756602	0.0301825	0.1489240	0.1033960	0.0390028	0.0518507	0.0737229	0.0443051	0.0241154	Pancreatic_Cancer
0.0583881	0.0758655	0.1086500	0.0180341	0.0606702	0.0764778	0.0258822	0.0828231	0.0328955	0.1358120	0.0913949	0.0376823	0.0507069	0.0703551	0.0478682	0.0264945	Lung_Cancer
0.0511763	0.0791634	0.1120900	0.0170499	0.0538595	0.0765069	0.0229849	0.0788969	0.0319053	0.1461460	0.0992874	0.0358945	0.0491862	0.0710783	0.0479778	0.0267965	Healthy
0.0520336	0.0833695	0.1085180	0.0177667	0.0554711	0.0809451	0.0217108	0.0803300	0.0281155	0.1448830	0.0903170	0.0371617	0.0524678	0.0754089	0.0445433	0.0269576	Healthy
0.0597052	0.0831093	0.1190120	0.0192212	0.0525844	0.0764366	0.0221591	0.0853003	0.0290808	0.1413700	0.0977990	0.0351061	0.0455632	0.0666766	0.0441191	0.0227567	Colorectal_Cancer
0.0543419	0.0745417	0.1028100	0.0212427	0.0516522	0.0834889	0.0252498	0.0824459	0.0329894	0.1454610	0.0955099	0.0354594	0.0489626	0.0750906	0.0444615	0.0262927	Healthy
0.0544965	0.0684487	0.0958005	0.0197541	0.0549800	0.0858544	0.0237602	0.0869595	0.0319796	0.1375190	0.0943500	0.0376433	0.0529079	0.0797071	0.0468987	0.0289405	Healthy
0.0537812	0.0792824	0.1120650	0.0163208	0.0510728	0.0759761	0.0245515	0.0755892	0.0338023	0.1505100	0.0979951	0.0359128	0.0496307	0.0703482	0.0449877	0.0281745	Healthy
0.0540041	0.0764473	0.1009310	0.0167049	0.0485845	0.0904106	0.0246748	0.0683499	0.0396583	0.1450520	0.0862025	0.0376180	0.0524101	0.0773400	0.0457791	0.0358327	Gastric_cancer
0.0507941	0.0806065	0.1133050	0.0168287	0.0539773	0.0743314	0.0220884	0.0795569	0.0306795	0.1467920	0.0991238	0.0365211	0.0491283	0.0739207	0.0473028	0.0250434	Healthy
0.0534250	0.0753739	0.1046790	0.0175470	0.0542692	0.0820671	0.0239990	0.0804390	0.0338881	0.1410400	0.0981669	0.0372648	0.0530029	0.0670526	0.0496261	0.0281597	Healthy
0.0539483	0.0860752	0.1268620	0.0177241	0.0607462	0.0719829	0.0253601	0.0768562	0.0326856	0.1272040	0.0965359	0.0414701	0.0534207	0.0647194	0.0431773	0.0212317	Colorectal_Cancer
0.0543424	0.0758277	0.1028980	0.0176109	0.0545436	0.0827211	0.0250579	0.0846332	0.0352219	0.1342460	0.0973634	0.0348697	0.0522290	0.0736138	0.0474992	0.0273221	Pancreatic_Cancer
0.0460283	0.0778171	0.1100290	0.0170490	0.0534175	0.0751616	0.0240917	0.0751616	0.0320967	0.1541720	0.1034870	0.0356758	0.0476832	0.0750077	0.0458744	0.0272475	Healthy
0.0506460	0.0855592	0.1216610	0.0157724	0.0673694	0.0609099	0.0261156	0.0692320	0.0347151	0.1299440	0.0970516	0.0457319	0.0603947	0.0683601	0.0441864	0.0223508	Lung_Cancer
0.0465734	0.0747466	0.1009890	0.0158663	0.0578547	0.0792109	0.0252172	0.0805985	0.0308277	0.1481660	0.0980333	0.0383687	0.0561052	0.0751086	0.0450652	0.0272683	Healthy
0.0873969	0.0592462	0.1262070	0.0392815	0.0374558	0.1257950	0.0453475	0.0444052	0.0920495	0.1052410	0.0595406	0.0243816	0.0339812	0.0390459	0.0244405	0.0561837	Gastric_cancer
0.0526748	0.0724449	0.0999453	0.0193597	0.0515118	0.0846217	0.0246272	0.0789438	0.0334519	0.1407850	0.0945410	0.0374196	0.0490491	0.0784649	0.0507593	0.0313996	Healthy
0.0478399	0.0784110	0.1114230	0.0180620	0.0554064	0.0715768	0.0237369	0.0751770	0.0339273	0.1464490	0.0959849	0.0381377	0.0485721	0.0755431	0.0491823	0.0305711	Breast_Cancer
0.0531250	0.0754972	0.1092330	0.0173651	0.0512784	0.0774858	0.0231889	0.0824219	0.0322443	0.1464130	0.0993963	0.0341974	0.0491122	0.0711293	0.0506747	0.0272372	Healthy
0.0598468	0.0675055	0.1000000	0.0191466	0.0554705	0.0820569	0.0246171	0.0890591	0.0288840	0.1429980	0.0946389	0.0380744	0.0462801	0.0739606	0.0481400	0.0293217	Lung_Cancer
0.0514948	0.0727990	0.1183500	0.0187735	0.0586747	0.0788018	0.0220104	0.0544962	0.0396657	0.1503650	0.0946328	0.0391361	0.0579096	0.0788606	0.0335452	0.0304849	Gastric_cancer
0.0540443	0.0739036	0.1090190	0.0178424	0.0517687	0.0824886	0.0223935	0.0821266	0.0309785	0.1463590	0.0997104	0.0363053	0.0461316	0.0720935	0.0464419	0.0283926	Healthy
0.0479597	0.0816405	0.1134080	0.0174292	0.0560561	0.0738680	0.0226108	0.0773420	0.0284991	0.1455570	0.1028970	0.0358888	0.0501384	0.0759878	0.0457811	0.0249367	Gastric_cancer
0.0474922	0.0771801	0.1027240	0.0184386	0.0525670	0.0795060	0.0220756	0.0816206	0.0294342	0.1501310	0.1014550	0.0318024	0.0511292	0.0736277	0.0504102	0.0304068	Breast_Cancer
0.0546947	0.0749615	0.1045150	0.0161621	0.0557722	0.0866598	0.0267317	0.0781939	0.0353002	0.1375580	0.0899949	0.0372499	0.0516162	0.0728066	0.0483838	0.0293997	Bile_Duct_Cancer
0.0512145	0.0803050	0.0964037	0.0180757	0.0576163	0.0803050	0.0262662	0.0811523	0.0333271	0.1345320	0.0965920	0.0399172	0.0555451	0.0732442	0.0482018	0.0273018	Lung_Cancer
0.0604466	0.0843006	0.1156800	0.0233622	0.0583809	0.0746114	0.0252803	0.0810053	0.0335432	0.1317140	0.0916781	0.0401338	0.0488885	0.0654633	0.0431340	0.0223785	Colorectal_Cancer
0.0503624	0.0749747	0.1004720	0.0175742	0.0471595	0.0828978	0.0219993	0.0891773	0.0262980	0.1586310	0.1019050	0.0331254	0.0473281	0.0747218	0.0455158	0.0278574	Ovarian_Cancer
0.0464092	0.0780365	0.1128360	0.0168453	0.0504127	0.0748645	0.0221422	0.0780365	0.0293176	0.1574280	0.0995627	0.0355075	0.0492424	0.0736327	0.0466556	0.0290712	Healthy
0.0541351	0.0730114	0.1035350	0.0216540	0.0528409	0.0830492	0.0223485	0.0848485	0.0291351	0.1459600	0.0961174	0.0356692	0.0479167	0.0755366	0.0465909	0.0276515	Healthy
0.0471105	0.0796095	0.1063430	0.0163806	0.0553663	0.0727952	0.0234570	0.0727297	0.0347268	0.1460490	0.1027390	0.0353165	0.0508452	0.0773817	0.0505831	0.0285677	Breast_Cancer
0.0509226	0.0706482	0.0963826	0.0176014	0.0546249	0.0844865	0.0223962	0.0850935	0.0324108	0.1428740	0.0953508	0.0373270	0.0505584	0.0789026	0.0495873	0.0308327	Healthy
0.0517525	0.0761227	0.1121760	0.0185287	0.0577766	0.0748448	0.0234118	0.0804126	0.0334520	0.1430270	0.0998083	0.0378788	0.0496532	0.0700529	0.0464586	0.0246440	Healthy
0.0568153	0.0762605	0.1048900	0.0192551	0.0576387	0.0807575	0.0251457	0.0813276	0.0331898	0.1361790	0.0896884	0.0368634	0.0542184	0.0756271	0.0478211	0.0243223	Healthy
0.0501403	0.0766393	0.1012680	0.0182376	0.0549725	0.0766913	0.0229139	0.0789774	0.0296165	0.1475110	0.0967993	0.0354879	0.0527382	0.0780941	0.0496207	0.0302920	Healthy
0.0456164	0.0721169	0.0993506	0.0155546	0.0549911	0.0812821	0.0225725	0.0821200	0.0325757	0.1483710	0.0997172	0.0352467	0.0503823	0.0763591	0.0530533	0.0306903	Healthy
0.0596491	0.0650376	0.1200500	0.0274436	0.0820802	0.0707393	0.0373434	0.0552632	0.0946742	0.1045740	0.0690476	0.0345238	0.0451128	0.0604637	0.0365915	0.0374060	Breast_Cancer
0.0528413	0.0753783	0.1078960	0.0184321	0.0522778	0.0789198	0.0208065	0.0810930	0.0301030	0.1459270	0.1024630	0.0358580	0.0482936	0.0729636	0.0501851	0.0265615	Breast_Cancer
0.0468529	0.0833628	0.1129330	0.0153377	0.0546322	0.0746110	0.0227634	0.0789427	0.0295262	0.1473660	0.0994077	0.0351397	0.0536156	0.0721358	0.0477369	0.0256365	Pancreatic_Cancer
0.0544761	0.0747407	0.1024700	0.0194302	0.0543420	0.0807605	0.0229616	0.0818781	0.0304118	0.1435810	0.0978067	0.0376833	0.0506467	0.0750387	0.0459232	0.0278490	Healthy
0.0495380	0.0698152	0.1016430	0.0188655	0.0562115	0.0821355	0.0232290	0.0816222	0.0314425	0.1366790	0.0943275	0.0409394	0.0564682	0.0834189	0.0472279	0.0264374	Lung_Cancer
0.0707520	0.0832206	0.1014880	0.0202977	0.0474580	0.1370580	0.0271603	0.0644694	0.0311231	0.1288420	0.0894065	0.0404987	0.0475546	0.0586700	0.0229074	0.0290934	Gastric_cancer
0.0542824	0.0780079	0.1106580	0.0192082	0.0535845	0.0767225	0.0221830	0.0841413	0.0325768	0.1379460	0.0998237	0.0363596	0.0514544	0.0683120	0.0478919	0.0268474	Ovarian_Cancer
0.0516291	0.0795524	0.1078840	0.0155432	0.0591456	0.0734644	0.0233998	0.0745868	0.0315285	0.1450920	0.1026800	0.0357799	0.0517992	0.0773077	0.0461873	0.0244201	Healthy
0.0523823	0.0702842	0.0976595	0.0184592	0.0524519	0.0828225	0.0231959	0.0814990	0.0312761	0.1510170	0.0929925	0.0392867	0.0488298	0.0759961	0.0505712	0.0312761	Healthy
0.0496732	0.0744009	0.1051740	0.0166122	0.0506536	0.0778322	0.0226580	0.0791394	0.0316449	0.1434640	0.0983115	0.0403595	0.0539760	0.0792484	0.0479303	0.0289216	Bile_Duct_Cancer
0.0475921	0.0764561	0.1064520	0.0168759	0.0496501	0.0740893	0.0189854	0.0759930	0.0291727	0.1585720	0.1025930	0.0370447	0.0495472	0.0784112	0.0487240	0.0298415	Breast_Cancer
0.0507426	0.0753403	0.1050430	0.0174814	0.0539913	0.0745668	0.0217358	0.0826114	0.0266089	0.1478190	0.0954517	0.0374381	0.0529858	0.0762686	0.0511293	0.0307859	Lung_Cancer
0.0513588	0.0765868	0.1086090	0.0187666	0.0537343	0.0759692	0.0227575	0.0852338	0.0293139	0.1442420	0.0956861	0.0359179	0.0497910	0.0736887	0.0494109	0.0289339	Breast_Cancer
0.0544647	0.0767637	0.1040950	0.0180562	0.0540207	0.0772570	0.0221510	0.0820918	0.0296497	0.1482490	0.0988653	0.0344845	0.0512087	0.0729650	0.0486926	0.0269857	Ovarian_Cancer
0.0471137	0.0744671	0.1082240	0.0172903	0.0529686	0.0740554	0.0243802	0.0777148	0.0326137	0.1472880	0.1011800	0.0363645	0.0489891	0.0738267	0.0533803	0.0301436	Healthy
0.0558604	0.0741436	0.1064060	0.0200451	0.0515279	0.0806135	0.0237421	0.0811045	0.0345445	0.1515510	0.0932644	0.0320894	0.0467911	0.0724106	0.0465022	0.0294033	Healthy
0.0470138	0.0733237	0.1026310	0.0158748	0.0546736	0.0730462	0.0223135	0.0794849	0.0310835	0.1450380	0.0975244	0.0397425	0.0557837	0.0810391	0.0507327	0.0306949	Bile_Duct_Cancer
0.0461266	0.0769184	0.1027610	0.0161290	0.0565738	0.0783847	0.0208333	0.0747190	0.0331745	0.1433280	0.0994624	0.0367180	0.0580401	0.0782014	0.0508920	0.0277370	Healthy
0.0520535	0.0766297	0.1097780	0.0187744	0.0522490	0.0791069	0.0220991	0.0798566	0.0320078	0.1515970	0.0955346	0.0351695	0.0486962	0.0728488	0.0465450	0.0270535	Healthy
0.0516881	0.0709807	0.0989550	0.0168006	0.0619775	0.0815113	0.0213023	0.0830386	0.0331190	0.1381830	0.0969453	0.0385048	0.0534566	0.0758039	0.0480707	0.0296624	Healthy
0.0509547	0.0799290	0.1068490	0.0185391	0.0584480	0.0765431	0.0231461	0.0790409	0.0315275	0.1390990	0.0978575	0.0375777	0.0512877	0.0781528	0.0465697	0.0244782	Healthy
0.0510870	0.0740761	0.1057070	0.0168478	0.0561413	0.0782065	0.0254348	0.0837500	0.0315761	0.1392930	0.0934783	0.0390217	0.0507065	0.0754348	0.0510326	0.0282065	Ovarian_Cancer
0.0512939	0.0750924	0.1058230	0.0201017	0.0552218	0.0776340	0.0214880	0.0771257	0.0324861	0.1461180	0.0980129	0.0358595	0.0495841	0.0762015	0.0478281	0.0301294	Healthy
0.0500141	0.0693228	0.1047530	0.0163731	0.0540014	0.0794010	0.0232960	0.0824935	0.0312706	0.1444700	0.0967003	0.0358544	0.0531067	0.0769207	0.0523845	0.0296380	Healthy
0.0513779	0.0748482	0.1026970	0.0173400	0.0553480	0.0827884	0.0226530	0.0896777	0.0306516	0.1439750	0.0929472	0.0355558	0.0512027	0.0755488	0.0480500	0.0253386	Healthy
0.0496069	0.0762402	0.1061260	0.0166712	0.0502846	0.0737327	0.0234481	0.0719030	0.0355787	0.1476690	0.0986717	0.0357143	0.0539442	0.0715641	0.0529276	0.0359176	Gastric_cancer
0.0484428	0.0756469	0.1081680	0.0174178	0.0550568	0.0763652	0.0221863	0.0786896	0.0312244	0.1450390	0.0988608	0.0371301	0.0533409	0.0774426	0.0472556	0.0277329	Healthy
0.0598602	0.0804438	0.1130140	0.0237229	0.0823345	0.0664241	0.0309289	0.0716324	0.0372432	0.1110870	0.0830479	0.0466610	0.0521547	0.0719892	0.0444492	0.0250071	Colorectal_Cancer
0.0600473	0.0788306	0.1091990	0.0202130	0.0587162	0.0741964	0.0243542	0.0816407	0.0348058	0.1350330	0.0918951	0.0393907	0.0496450	0.0703017	0.0468842	0.0248472	Ovarian_Cancer
0.0491622	0.0758865	0.1049160	0.0158462	0.0549747	0.0763086	0.0215288	0.0725419	0.0331537	0.1502470	0.0980322	0.0385115	0.0522795	0.0785492	0.0488375	0.0292246	Healthy
0.0404302	0.0782149	0.1174950	0.0147228	0.0619393	0.0706234	0.0208765	0.0542903	0.0283529	0.1540720	0.0996089	0.0416954	0.0607315	0.0948355	0.0374396	0.0246722	Gastric_cancer
0.0515172	0.0835414	0.1096600	0.0180526	0.0555022	0.0736509	0.0270309	0.0727866	0.0318321	0.1355870	0.0959766	0.0405704	0.0529576	0.0743710	0.0494046	0.0275591	Bile_Duct_Cancer
0.0476367	0.0783820	0.1100160	0.0187435	0.0528967	0.0733442	0.0234850	0.0768262	0.0317084	0.1358720	0.1037930	0.0393392	0.0533412	0.0742332	0.0538598	0.0265224	Breast_Cancer
0.0480294	0.0740476	0.1084090	0.0163574	0.0513778	0.0779998	0.0224503	0.0812383	0.0311231	0.1445270	0.0998463	0.0361181	0.0540125	0.0721814	0.0525854	0.0296959	Healthy
0.0508945	0.0782439	0.1109050	0.0191240	0.0609363	0.0736857	0.0222428	0.0767016	0.0320790	0.1409620	0.0977106	0.0390363	0.0515800	0.0725547	0.0459936	0.0273494	Lung_Cancer
0.0576482	0.0811071	0.1100790	0.0186857	0.0573522	0.0794420	0.0245319	0.0876193	0.0329683	0.1263970	0.0963517	0.0385925	0.0501739	0.0700437	0.0437357	0.0252720	Pancreatic_Cancer
0.0516710	0.0723222	0.1012850	0.0150814	0.0565553	0.0770351	0.0223650	0.0877464	0.0344473	0.1411310	0.0918595	0.0374464	0.0507284	0.0766067	0.0492716	0.0344473	Healthy
0.0560948	0.0719778	0.1005920	0.0194126	0.0565990	0.0859700	0.0257784	0.0759486	0.0392033	0.1393550	0.0926510	0.0371234	0.0489726	0.0762007	0.0439934	0.0301273	Healthy
0.0548207	0.0709123	0.1000270	0.0178644	0.0554343	0.0835265	0.0225692	0.0858448	0.0331379	0.1388240	0.0949816	0.0355925	0.0487522	0.0785490	0.0486158	0.0305468	Healthy
0.0540723	0.0798448	0.1038370	0.0182614	0.0549267	0.0790973	0.0244198	0.0832621	0.0319308	0.1384380	0.0992097	0.0379823	0.0484836	0.0739356	0.0454578	0.0268404	Healthy
0.0485633	0.0753851	0.1095820	0.0173714	0.0550639	0.0777887	0.0204305	0.0815033	0.0307003	0.1448160	0.0949962	0.0370917	0.0528242	0.0737463	0.0522233	0.0279143	Healthy
0.0548030	0.0689655	0.0985222	0.0206281	0.0515702	0.0849754	0.0261700	0.0865148	0.0340209	0.1447040	0.0915948	0.0363300	0.0508005	0.0791256	0.0431034	0.0281712	Lung_Cancer
0.0535137	0.0760804	0.1003130	0.0192851	0.0496769	0.0874394	0.0222132	0.0878938	0.0305937	0.1424680	0.0972334	0.0354402	0.0495759	0.0743639	0.0474051	0.0265044	Healthy
0.0493288	0.0743840	0.0999448	0.0167801	0.0489150	0.0822913	0.0225726	0.0851416	0.0291467	0.1518480	0.1011860	0.0342038	0.0507540	0.0758091	0.0498805	0.0278135	Healthy
0.0521577	0.0652396	0.1128950	0.0220863	0.0566599	0.0779817	0.0323649	0.0643901	0.0646449	0.1268260	0.0803602	0.0360177	0.0496092	0.0693170	0.0465511	0.0428984	Breast_Cancer
0.0469861	0.0762499	0.1052400	0.0170113	0.0543704	0.0735149	0.0242315	0.0746636	0.0342960	0.1419430	0.1037090	0.0390001	0.0542610	0.0736243	0.0507603	0.0301389	Breast_Cancer
0.0522016	0.0784673	0.1105210	0.0183896	0.0531907	0.0770752	0.0258261	0.0790900	0.0342150	0.1451020	0.0950985	0.0351674	0.0490146	0.0727892	0.0460840	0.0277676	Healthy
0.0535623	0.0728344	0.1060480	0.0183496	0.0545874	0.0819067	0.0220912	0.0841107	0.0309585	0.1417730	0.0955920	0.0377242	0.0520246	0.0766786	0.0473603	0.0243977	Healthy
0.0500700	0.0749495	0.1083810	0.0181931	0.0620432	0.0758824	0.0245685	0.0764267	0.0352200	0.1286740	0.0923651	0.0384855	0.0559011	0.0810138	0.0499922	0.0278339	Healthy
0.0471188	0.0792317	0.1086430	0.0162815	0.0510204	0.0769058	0.0220588	0.0771309	0.0289616	0.1498350	0.1043670	0.0372149	0.0513956	0.0736044	0.0471188	0.0291116	Healthy
0.0483828	0.0798405	0.1115200	0.0189632	0.0533895	0.0780682	0.0235268	0.0786442	0.0348250	0.1423570	0.0975631	0.0371732	0.0519273	0.0708463	0.0458573	0.0271156	Breast_Cancer
0.0536696	0.0758945	0.1106360	0.0179509	0.0549518	0.0746733	0.0246062	0.0777262	0.0352912	0.1422030	0.0959214	0.0366956	0.0509830	0.0724753	0.0473806	0.0289413	Healthy
0.0536755	0.0737864	0.1117890	0.0198798	0.0583911	0.0833564	0.0231623	0.0792418	0.0327323	0.1332410	0.0922792	0.0392510	0.0557559	0.0742025	0.0430421	0.0262136	Bile_Duct_Cancer
0.0521705	0.0713317	0.1015710	0.0183699	0.0542618	0.0772666	0.0242482	0.0818449	0.0341962	0.1414760	0.0989148	0.0362876	0.0541488	0.0758535	0.0478182	0.0302397	Healthy
0.0502999	0.0697901	0.1023240	0.0182909	0.0610195	0.0801349	0.0216642	0.0796102	0.0333583	0.1352320	0.0967016	0.0371814	0.0536732	0.0819340	0.0485757	0.0302099	Healthy
0.0549124	0.0724251	0.0998071	0.0182547	0.0526863	0.0788068	0.0247848	0.0913476	0.0314633	0.1375040	0.0946869	0.0376224	0.0480113	0.0759869	0.0512021	0.0304987	Pancreatic_Cancer
0.0554833	0.0776766	0.1089730	0.0199393	0.0563069	0.0783268	0.0225834	0.0820113	0.0319029	0.1407020	0.0964889	0.0380147	0.0536628	0.0690074	0.0437798	0.0251409	Healthy
0.0511464	0.0787282	0.1072900	0.0181756	0.0503135	0.0770135	0.0205761	0.0837253	0.0299824	0.1511860	0.0999902	0.0351754	0.0477660	0.0737311	0.0477660	0.0274348	Breast_Cancer
0.0480654	0.0759673	0.1069210	0.0162807	0.0519210	0.0764033	0.0213488	0.0779428	0.0305586	0.1559130	0.1014170	0.0358719	0.0491144	0.0737330	0.0492779	0.0292643	Healthy
0.0429626	0.0717976	0.1063780	0.0167106	0.0548761	0.0734844	0.0246178	0.0731154	0.0341592	0.1514500	0.0974697	0.0374275	0.0547180	0.0801265	0.0506062	0.0301002	Healthy
0.0498642	0.0748933	0.1002460	0.0159746	0.0514164	0.0805200	0.0243177	0.0809080	0.0340189	0.1395030	0.0964946	0.0380287	0.0532919	0.0762515	0.0536800	0.0305911	Ovarian_Cancer
0.0491049	0.0792314	0.1104560	0.0163288	0.0532410	0.0746968	0.0221882	0.0758170	0.0311066	0.1500080	0.1006010	0.0358458	0.0504405	0.0735551	0.0491803	0.0281984	Healthy
0.0520251	0.0756988	0.0995436	0.0174558	0.0541928	0.0808899	0.0227610	0.0857387	0.0313748	0.1434110	0.0932687	0.0375357	0.0523674	0.0722191	0.0517399	0.0297775	Healthy
0.0662607	0.0635784	0.0993910	0.0246484	0.0392200	0.1125850	0.0266058	0.1054080	0.0432072	0.1351310	0.0815572	0.0245034	0.0332028	0.0506017	0.0555314	0.0385675	Healthy
0.0523335	0.0768648	0.1008380	0.0156761	0.0527722	0.0792581	0.0232549	0.0834464	0.0300758	0.1495410	0.1010370	0.0368568	0.0496211	0.0733147	0.0483845	0.0267252	Healthy
0.0547245	0.0706457	0.1024880	0.0186611	0.0541321	0.0819757	0.0225859	0.0817536	0.0313981	0.1486230	0.0979710	0.0389514	0.0465047	0.0744964	0.0479858	0.0271031	Healthy
0.0522964	0.0704674	0.1050140	0.0179213	0.0545287	0.0781011	0.0236973	0.0800056	0.0362640	0.1375630	0.0971307	0.0369353	0.0543882	0.0758063	0.0499547	0.0299260	Healthy
0.0516193	0.0759841	0.1037370	0.0172397	0.0569507	0.0753861	0.0215745	0.0806677	0.0289985	0.1423020	0.1014450	0.0380169	0.0540110	0.0752865	0.0484803	0.0283009	Ovarian_Cancer
0.0483112	0.0745557	0.0996822	0.0157114	0.0571378	0.0756149	0.0241262	0.0780864	0.0329528	0.1445220	0.0989173	0.0386019	0.0537837	0.0770272	0.0521360	0.0288337	Healthy
0.0525407	0.0733226	0.1139620	0.0191786	0.0526640	0.0794277	0.0254070	0.0700543	0.0371855	0.1407250	0.0987913	0.0359521	0.0524174	0.0723360	0.0479156	0.0281204	Gastric_cancer
0.0515974	0.0805654	0.1109280	0.0158469	0.0489985	0.0774594	0.0232315	0.0764452	0.0328347	0.1530810	0.1011980	0.0323910	0.0489668	0.0696311	0.0469067	0.0299189	Healthy
0.0497969	0.0777093	0.1090940	0.0166426	0.0541213	0.0728607	0.0233914	0.0743022	0.0298781	0.1396930	0.1028700	0.0390512	0.0513694	0.0774473	0.0515660	0.0302057	Healthy
0.0473435	0.0807908	0.1069170	0.0163072	0.0538752	0.0732071	0.0218745	0.0789497	0.0326583	0.1518500	0.0967912	0.0346747	0.0534368	0.0729879	0.0498860	0.0284499	Breast_Cancer
0.0496286	0.0738401	0.1060580	0.0171699	0.0580206	0.0773609	0.0229092	0.0812675	0.0314942	0.1438220	0.0998360	0.0374747	0.0531494	0.0767339	0.0463972	0.0248384	Healthy
0.0491190	0.0722906	0.1110910	0.0170770	0.0546102	0.0912986	0.0253440	0.0666787	0.0401279	0.1454260	0.0878590	0.0362660	0.0541274	0.0755491	0.0415158	0.0316196	Gastric_cancer
0.0494490	0.0783945	0.1102720	0.0167032	0.0552127	0.0756981	0.0224126	0.0782135	0.0301308	0.1474060	0.0998027	0.0359851	0.0506071	0.0742232	0.0493313	0.0261586	Healthy
0.0539267	0.0775665	0.1104070	0.0193696	0.0555115	0.0768621	0.0222750	0.0781388	0.0334566	0.1442160	0.0971562	0.0374186	0.0515936	0.0724159	0.0438017	0.0258848	Healthy
0.0526955	0.0750257	0.1090350	0.0174717	0.0552649	0.0778754	0.0205550	0.0785294	0.0310661	0.1432310	0.1001590	0.0365318	0.0507334	0.0765206	0.0482575	0.0270485	Lung_Cancer
0.0475485	0.0773281	0.1066140	0.0170560	0.0573654	0.0733246	0.0224306	0.0790282	0.0299989	0.1412200	0.1003070	0.0381705	0.0540748	0.0755183	0.0525941	0.0274213	Healthy
0.0576923	0.0796891	0.1122230	0.0219968	0.0528846	0.0794916	0.0223920	0.0864726	0.0291096	0.1451530	0.0974710	0.0346417	0.0459036	0.0670443	0.0441254	0.0237092	Colorectal_Cancer
0.0558461	0.0728927	0.1005540	0.0199226	0.0545911	0.0851809	0.0236875	0.0901485	0.0331521	0.1428570	0.0897825	0.0348776	0.0494143	0.0712194	0.0445513	0.0313219	Healthy
0.0526196	0.0768269	0.0995568	0.0166496	0.0549494	0.0787589	0.0231845	0.0869417	0.0289237	0.1481990	0.0943857	0.0377884	0.0506876	0.0753495	0.0480736	0.0271054	Ovarian_Cancer
0.0498286	0.0724477	0.1064590	0.0184714	0.0563544	0.0772592	0.0234487	0.0844486	0.0313572	0.1406920	0.0991594	0.0372746	0.0522619	0.0746599	0.0489437	0.0269329	Healthy
0.0557726	0.0747511	0.1148940	0.0191646	0.0522839	0.0797749	0.0247000	0.0871244	0.0365615	0.1332680	0.0952647	0.0364685	0.0477719	0.0703786	0.0457252	0.0260955	Colorectal_Cancer
0.0537446	0.0763524	0.1015310	0.0185185	0.0518752	0.0818437	0.0239514	0.0801496	0.0329478	0.1413720	0.0942867	0.0368034	0.0480780	0.0770534	0.0492464	0.0322468	Healthy
0.0498217	0.0732835	0.1033210	0.0159942	0.0572336	0.0782434	0.0251337	0.0772960	0.0320999	0.1488520	0.0970241	0.0339947	0.0529982	0.0761815	0.0484284	0.0300936	Healthy
0.0519080	0.0805130	0.1159140	0.0192567	0.0532257	0.0767363	0.0224627	0.0781162	0.0329626	0.1475900	0.1002470	0.0334191	0.0461912	0.0680314	0.0455375	0.0278890	Healthy
0.0489174	0.0799920	0.1106660	0.0158881	0.0478649	0.0724238	0.0213512	0.0794407	0.0282177	0.1508620	0.1023460	0.0347835	0.0521752	0.0771351	0.0493184	0.0286187	Healthy
0.0800849	0.0645416	0.1413700	0.0399684	0.0496891	0.1034740	0.0411033	0.0461857	0.0865982	0.1093950	0.0663180	0.0256094	0.0327642	0.0411527	0.0220073	0.0497385	Gastric_cancer
0.0519114	0.0731972	0.1048540	0.0182993	0.0545178	0.0782472	0.0223175	0.0820482	0.0302997	0.1464490	0.0944831	0.0373045	0.0528345	0.0806907	0.0458297	0.0267159	Healthy
0.0511562	0.0726004	0.1022480	0.0176980	0.0569694	0.0762821	0.0231882	0.0773156	0.0339103	0.1382900	0.0993412	0.0363648	0.0523188	0.0818370	0.0507686	0.0297119	Healthy
0.0486554	0.0791119	0.1034400	0.0179487	0.0547842	0.0818637	0.0242026	0.0775485	0.0321451	0.1505320	0.0974984	0.0365228	0.0502814	0.0691057	0.0493433	0.0270169	Healthy
0.0472609	0.0727363	0.1037470	0.0191598	0.0607437	0.0738007	0.0288107	0.0628016	0.0499574	0.1339060	0.0916123	0.0417968	0.0570536	0.0726653	0.0461255	0.0378229	Breast_Cancer
0.0507970	0.0715031	0.1004770	0.0160137	0.0532549	0.0821540	0.0246537	0.0788023	0.0343364	0.1328020	0.0954864	0.0391777	0.0544466	0.0817071	0.0531804	0.0312081	Healthy
0.0758468	0.0436040	0.1182410	0.0355565	0.0386072	0.1434880	0.0271934	0.1198720	0.0578056	0.1105090	0.0562276	0.0103619	0.0122554	0.0350305	0.0601725	0.0552283	Bile_Duct_Cancer
0.0491528	0.0798182	0.1118510	0.0182669	0.0518443	0.0794652	0.0240028	0.0793770	0.0287240	0.1423400	0.0990558	0.0386957	0.0505648	0.0738616	0.0471232	0.0258560	Lung_Cancer
0.0501089	0.0712648	0.1056070	0.0169705	0.0601422	0.0731567	0.0260865	0.0816420	0.0319917	0.1304320	0.0983832	0.0416237	0.0586515	0.0807820	0.0471276	0.0260291	Bile_Duct_Cancer
0.0532841	0.0729359	0.0983909	0.0177394	0.0534819	0.0801240	0.0251253	0.0841467	0.0326431	0.1432340	0.0955553	0.0372593	0.0478765	0.0777499	0.0489976	0.0314561	Healthy
0.0496296	0.0700749	0.1020630	0.0173141	0.0515943	0.0832753	0.0237199	0.0813720	0.0319062	0.1463920	0.0966395	0.0357538	0.0510622	0.0769309	0.0519217	0.0303508	Healthy
0.0483307	0.0794442	0.1097270	0.0175232	0.0502098	0.0770844	0.0227670	0.0758609	0.0353085	0.1531640	0.0999388	0.0332110	0.0455340	0.0725835	0.0483307	0.0309823	Breast_Cancer
0.0516432	0.0710403	0.0966148	0.0163084	0.0512108	0.0849395	0.0240919	0.0851866	0.0308253	0.1429450	0.1000740	0.0357055	0.0500371	0.0773412	0.0499753	0.0320608	Lung_Cancer
0.0493312	0.0753344	0.1059390	0.0178705	0.0620118	0.0826645	0.0226859	0.0564473	0.0329053	0.1537720	0.0896736	0.0409310	0.0544141	0.0869984	0.0395399	0.0294810	Gastric_cancer
0.0486594	0.0812043	0.1054440	0.0174235	0.0492913	0.0817008	0.0213505	0.0840029	0.0279859	0.1544640	0.0988986	0.0326352	0.0465379	0.0747495	0.0469441	0.0287081	Breast_Cancer
0.0499924	0.0700956	0.1043850	0.0191170	0.0553027	0.0751024	0.0231376	0.0806403	0.0349719	0.1373080	0.1005160	0.0383098	0.0546199	0.0739645	0.0492338	0.0333030	Ovarian_Cancer
0.0531731	0.0750476	0.1011590	0.0135743	0.0538648	0.0828290	0.0224797	0.0872385	0.0315580	0.1418810	0.0960574	0.0384748	0.0527408	0.0730590	0.0490230	0.0278402	Lung_Cancer
0.0583223	0.0688846	0.1110830	0.0239310	0.0513318	0.0864374	0.0289315	0.0662312	0.0550056	0.1360850	0.0831718	0.0325543	0.0466374	0.0681192	0.0404633	0.0428105	Gastric_cancer
0.0476399	0.0813249	0.1122320	0.0166396	0.0541646	0.0742695	0.0224775	0.0726773	0.0293144	0.1535960	0.1001190	0.0366821	0.0496691	0.0735514	0.0486076	0.0270355	Healthy
0.0528307	0.0771083	0.1079710	0.0184785	0.0542559	0.0780912	0.0221643	0.0844309	0.0320425	0.1445840	0.0972577	0.0345980	0.0510615	0.0707686	0.0467368	0.0276194	Healthy
0.0488363	0.0749361	0.1051390	0.0193058	0.0503834	0.0766851	0.0222656	0.0826719	0.0330284	0.1501410	0.0964617	0.0363245	0.0524015	0.0766851	0.0460783	0.0286560	Healthy
0.0503287	0.0789417	0.1078240	0.0162194	0.0524302	0.0817437	0.0239250	0.0781334	0.0283436	0.1378920	0.1000650	0.0373963	0.0538312	0.0753314	0.0508137	0.0267809	Bile_Duct_Cancer
0.0499100	0.0753149	0.1052720	0.0186303	0.0639886	0.0763735	0.0232349	0.0784376	0.0336615	0.1360750	0.0980735	0.0384778	0.0554673	0.0734095	0.0486398	0.0250344	Healthy
0.0495172	0.0823789	0.1077550	0.0177783	0.0552062	0.0788981	0.0212965	0.0795344	0.0300546	0.1462680	0.0989595	0.0377274	0.0481323	0.0747062	0.0459990	0.0257879	Healthy
0.0505342	0.0753522	0.1084430	0.0160726	0.0601305	0.0777631	0.0228326	0.0788503	0.0346507	0.1344430	0.0995556	0.0386688	0.0518105	0.0767704	0.0472251	0.0268980	Healthy
0.0497164	0.0796213	0.1120290	0.0174758	0.0508008	0.0745329	0.0230647	0.0791625	0.0320320	0.1464380	0.1020600	0.0353687	0.0523857	0.0709459	0.0489656	0.0254004	Healthy
0.0483048	0.0720622	0.1076070	0.0173168	0.0564467	0.0743104	0.0216916	0.0776522	0.0311095	0.1400530	0.1024430	0.0383400	0.0555353	0.0779560	0.0500061	0.0291651	Healthy
0.0554692	0.0719285	0.1000520	0.0180145	0.0560524	0.0829445	0.0215137	0.0806117	0.0316874	0.1434680	0.0973302	0.0385562	0.0486651	0.0773717	0.0486003	0.0277346	Healthy
0.0481372	0.0759053	0.1101150	0.0194986	0.0544916	0.0767322	0.0228499	0.0766452	0.0342967	0.1417570	0.0998868	0.0368210	0.0536212	0.0735550	0.0485289	0.0271588	Healthy
0.0545936	0.0822689	0.1109380	0.0192544	0.0544044	0.0821270	0.0242691	0.0860062	0.0300407	0.1340710	0.0984010	0.0355284	0.0483489	0.0665153	0.0451793	0.0280537	Colorectal_Cancer
0.0434119	0.0753709	0.1071120	0.0136889	0.0495746	0.0717168	0.0256872	0.0759162	0.0319045	0.1521050	0.1022030	0.0396488	0.0524651	0.0771706	0.0506654	0.0313591	Gastric_cancer
0.0547079	0.0814718	0.1125770	0.0157633	0.0550030	0.0771306	0.0241929	0.0802495	0.0282391	0.1493720	0.0979095	0.0384388	0.0485965	0.0683217	0.0443817	0.0236449	Pancreatic_Cancer
0.0501027	0.0737851	0.1049280	0.0169747	0.0550308	0.0730322	0.0232717	0.0764545	0.0363450	0.1470910	0.1021900	0.0346338	0.0538672	0.0757016	0.0469541	0.0296372	Healthy
0.0503760	0.0805052	0.1190220	0.0186078	0.0589568	0.0658022	0.0243444	0.0739491	0.0384690	0.1378710	0.1011380	0.0404454	0.0516294	0.0691284	0.0465195	0.0232356	Bile_Duct_Cancer
0.0559169	0.0718567	0.0993369	0.0178526	0.0562994	0.0839072	0.0278628	0.0854374	0.0336649	0.1311530	0.0928972	0.0366616	0.0499872	0.0739607	0.0529202	0.0302856	Bile_Duct_Cancer
0.0468655	0.0734403	0.1030440	0.0147638	0.0508025	0.0743489	0.0249849	0.0696548	0.0347517	0.1433220	0.1034220	0.0365687	0.0558752	0.0821472	0.0516354	0.0343731	Gastric_cancer
0.0480844	0.0799861	0.1222000	0.0171482	0.0525645	0.0689402	0.0237911	0.0753128	0.0314383	0.1418580	0.1031980	0.0377337	0.0530666	0.0731114	0.0461533	0.0254133	Breast_Cancer
0.0475083	0.0737696	0.1031840	0.0153019	0.0571237	0.0768714	0.0261580	0.0801799	0.0322581	0.1408190	0.0955852	0.0376861	0.0568135	0.0773883	0.0506100	0.0287428	Ovarian_Cancer
0.0532581	0.0725600	0.1085080	0.0175472	0.0530684	0.0782510	0.0230485	0.0843688	0.0314427	0.1461160	0.0974106	0.0350944	0.0517405	0.0697619	0.0510291	0.0267950	Breast_Cancer
0.0510377	0.0747057	0.0999515	0.0166889	0.0581988	0.0828377	0.0239714	0.0833232	0.0276733	0.1363640	0.0964316	0.0384149	0.0557106	0.0788931	0.0484889	0.0273091	Healthy
0.0502774	0.0800103	0.1124080	0.0170740	0.0559356	0.0740240	0.0228118	0.0769476	0.0319107	0.1441600	0.1013210	0.0368429	0.0498896	0.0720153	0.0476721	0.0266999	Healthy
0.0550224	0.0747982	0.1104930	0.0180717	0.0542152	0.0811211	0.0235426	0.0816143	0.0359193	0.1465920	0.0994170	0.0357399	0.0459641	0.0656951	0.0437220	0.0280717	Healthy
0.0518418	0.0758758	0.1099690	0.0189078	0.0528207	0.0781942	0.0243045	0.0755925	0.0350464	0.1450540	0.0970118	0.0346600	0.0500129	0.0720634	0.0480809	0.0305641	Healthy
0.0515834	0.0727132	0.1035530	0.0166060	0.0522454	0.0838023	0.0211850	0.0822024	0.0292398	0.1532610	0.0984222	0.0335981	0.0490456	0.0744786	0.0500386	0.0280260	Healthy
0.0506115	0.0764817	0.1055030	0.0167921	0.0510348	0.0792098	0.0250235	0.0774694	0.0328316	0.1477420	0.0986830	0.0349953	0.0507526	0.0727187	0.0518815	0.0282690	Healthy
0.0545424	0.0707531	0.0954070	0.0202634	0.0557244	0.0798717	0.0206011	0.0844309	0.0334347	0.1374540	0.0894968	0.0383316	0.0523472	0.0793651	0.0513340	0.0366430	Lung_Cancer
0.0500550	0.0770765	0.1058860	0.0174642	0.0539741	0.0719884	0.0246837	0.0756326	0.0311469	0.1472770	0.1012100	0.0366474	0.0543867	0.0735011	0.0488861	0.0301843	Pancreatic_Cancer
0.0493065	0.0734644	0.1053960	0.0154702	0.0537266	0.0768176	0.0230910	0.0793324	0.0310928	0.1571410	0.1011280	0.0345222	0.0474013	0.0753696	0.0468679	0.0298735	Pancreatic_Cancer
0.0535571	0.0768877	0.1049300	0.0164924	0.0534996	0.0841283	0.0219515	0.0811401	0.0313757	0.1399260	0.0942420	0.0371796	0.0535571	0.0750488	0.0501092	0.0259740	Lung_Cancer
0.0487628	0.0772681	0.1070030	0.0154102	0.0547678	0.0778469	0.0258284	0.0798727	0.0317610	0.1439730	0.0952105	0.0355231	0.0528867	0.0760382	0.0464477	0.0313992	Healthy
0.0678469	0.0629861	0.1089340	0.0260438	0.0405751	0.1077570	0.0230761	0.1073480	0.0404216	0.1367170	0.0813549	0.0222575	0.0301371	0.0559251	0.0521388	0.0364818	Ovarian_Cancer
0.0519323	0.0766619	0.1092720	0.0183167	0.0533154	0.0760332	0.0248973	0.0763685	0.0328611	0.1500960	0.0978707	0.0356694	0.0520580	0.0698298	0.0469025	0.0279152	Healthy
0.0457229	0.0806547	0.1206700	0.0168591	0.0599908	0.0689780	0.0237142	0.0722907	0.0320126	0.1462870	0.1021710	0.0380806	0.0508397	0.0707491	0.0444765	0.0265022	Breast_Cancer
0.0551845	0.0735793	0.1078510	0.0202446	0.0477854	0.0850375	0.0245093	0.0812866	0.0365327	0.1466450	0.0934642	0.0343747	0.0462440	0.0704450	0.0481451	0.0286713	Breast_Cancer
0.0531338	0.0755178	0.1067650	0.0176359	0.0587863	0.0816225	0.0224292	0.0836574	0.0306141	0.1375600	0.0922040	0.0373519	0.0525007	0.0766031	0.0475717	0.0260468	Healthy
0.0462691	0.0771779	0.1119640	0.0170168	0.0554175	0.0742790	0.0221369	0.0749567	0.0326406	0.1463750	0.1018750	0.0371960	0.0502221	0.0765379	0.0487162	0.0272193	Healthy
0.0534321	0.0732940	0.1015610	0.0174605	0.0517310	0.0816990	0.0227637	0.0782469	0.0335701	0.1424350	0.0973584	0.0378727	0.0540324	0.0770462	0.0486292	0.0288673	Healthy
0.0556509	0.0746216	0.1011600	0.0190716	0.0520686	0.0823411	0.0210394	0.0859233	0.0321897	0.1386980	0.0997982	0.0344097	0.0503027	0.0734107	0.0509082	0.0284057	Healthy
0.0500601	0.0778713	0.1109060	0.0162733	0.0529540	0.0772700	0.0253683	0.0788485	0.0318701	0.1505190	0.0971137	0.0353277	0.0477676	0.0722715	0.0476924	0.0278863	Healthy
0.0494239	0.0748233	0.0999607	0.0158418	0.0542027	0.0810422	0.0229118	0.0793401	0.0308327	0.1455880	0.0963603	0.0342367	0.0508641	0.0796675	0.0526316	0.0322728	Healthy
0.0476567	0.0767156	0.1120510	0.0150177	0.0575135	0.0726706	0.0224103	0.0746234	0.0307328	0.1442250	0.0999163	0.0376139	0.0552353	0.0774131	0.0494700	0.0267342	Pancreatic_Cancer
0.0502296	0.0710677	0.0973594	0.0181975	0.0547646	0.0801378	0.0246269	0.0787026	0.0347876	0.1442020	0.0943169	0.0412744	0.0529277	0.0740528	0.0493685	0.0339839	Healthy
0.0490130	0.0745938	0.1040350	0.0172217	0.0544179	0.0762052	0.0209816	0.0789580	0.0316570	0.1475760	0.1013830	0.0381026	0.0522022	0.0740567	0.0503223	0.0292735	Healthy
0.0510121	0.0776428	0.1113360	0.0196581	0.0532164	0.0723347	0.0240666	0.0750337	0.0342780	0.1428700	0.1021140	0.0363923	0.0516419	0.0712551	0.0475484	0.0295996	Healthy
0.0523957	0.0806410	0.1163670	0.0195073	0.0593280	0.0756755	0.0246985	0.0773522	0.0362739	0.1265560	0.0985684	0.0417876	0.0517831	0.0688076	0.0450119	0.0252467	Colorectal_Cancer
0.0506987	0.0786463	0.1109610	0.0181223	0.0559825	0.0742358	0.0227074	0.0777729	0.0311790	0.1462880	0.1007420	0.0361572	0.0490393	0.0727511	0.0480786	0.0266376	Healthy
0.0507589	0.0729659	0.1058720	0.0171684	0.0547400	0.0755163	0.0246952	0.0773202	0.0329062	0.1388410	0.0954217	0.0409928	0.0511943	0.0822344	0.0485817	0.0307912	Healthy
0.0481408	0.0795056	0.1093840	0.0164044	0.0548619	0.0751099	0.0224884	0.0769149	0.0296235	0.1491260	0.1017390	0.0360791	0.0524410	0.0740906	0.0479072	0.0261833	Healthy
0.0521683	0.0840901	0.1130930	0.0166327	0.0580986	0.0732024	0.0232580	0.0756116	0.0264085	0.1422350	0.0986842	0.0421145	0.0516123	0.0705615	0.0474889	0.0247405	Bile_Duct_Cancer
0.0523477	0.0761239	0.1082920	0.0191309	0.0515984	0.0793706	0.0232767	0.0819181	0.0311688	0.1445050	0.0984016	0.0350649	0.0509491	0.0728771	0.0474026	0.0275724	Healthy
0.0497694	0.0769603	0.1030350	0.0179289	0.0544562	0.0754724	0.0235084	0.0848088	0.0315057	0.1467790	0.0942940	0.0387219	0.0511085	0.0743193	0.0491742	0.0281580	Healthy
0.0533009	0.0766892	0.1011280	0.0159239	0.0535221	0.0802831	0.0200708	0.0832135	0.0296362	0.1430940	0.0963176	0.0357735	0.0529691	0.0776291	0.0533562	0.0270928	Bile_Duct_Cancer
0.0534449	0.0793428	0.1053020	0.0200953	0.0552773	0.0730516	0.0249206	0.0750061	0.0343880	0.1435380	0.0973613	0.0359761	0.0511849	0.0748229	0.0484364	0.0278524	Healthy
0.0496437	0.0814727	0.1182900	0.0164489	0.0586698	0.0789192	0.0257126	0.0528504	0.0354513	0.1516030	0.0969121	0.0393112	0.0539786	0.0810570	0.0319477	0.0277316	Gastric_cancer
0.0470532	0.0676942	0.0960755	0.0168387	0.0524851	0.0788294	0.0228816	0.0836502	0.0327947	0.1459800	0.0987914	0.0376154	0.0551331	0.0810701	0.0526209	0.0304861	Healthy
0.0639061	0.0669427	0.1209110	0.0320221	0.0650104	0.0837819	0.0347136	0.0612146	0.0717046	0.1147690	0.0716356	0.0335404	0.0428571	0.0594893	0.0361629	0.0413389	Breast_Cancer
0.0516172	0.0762074	0.1081080	0.0180549	0.0542756	0.0828533	0.0230394	0.0816349	0.0337284	0.1425010	0.0951484	0.0391560	0.0491803	0.0713336	0.0466327	0.0265286	Healthy
0.0470752	0.0809818	0.1144410	0.0152289	0.0544209	0.0695154	0.0242318	0.0719341	0.0303682	0.1399710	0.1023020	0.0380274	0.0582281	0.0729195	0.0528084	0.0275464	Gastric_cancer
0.0500455	0.0811912	0.1123150	0.0182063	0.0492436	0.0767263	0.0213707	0.0802159	0.0305822	0.1499410	0.1042310	0.0332047	0.0472496	0.0694872	0.0477264	0.0282630	Breast_Cancer
0.0503597	0.0806082	0.1109110	0.0177131	0.0564639	0.0746130	0.0258884	0.0709614	0.0376608	0.1437760	0.0966863	0.0380423	0.0491062	0.0735230	0.0445825	0.0291040	Breast_Cancer
0.0479273	0.0716597	0.1088000	0.0172600	0.0557867	0.0762059	0.0231931	0.0765141	0.0307443	0.1497150	0.0998613	0.0362151	0.0508553	0.0721991	0.0526275	0.0304361	Healthy
0.0526400	0.0772867	0.1106450	0.0182195	0.0538086	0.0798364	0.0229470	0.0782960	0.0296399	0.1419840	0.1004460	0.0382450	0.0505684	0.0727186	0.0450972	0.0276214	Colorectal_Cancer
0.0563812	0.0895839	0.1310400	0.0201113	0.0611245	0.0684923	0.0268151	0.0732988	0.0352264	0.1243990	0.0981217	0.0412029	0.0517645	0.0593853	0.0427840	0.0202694	Breast_Cancer
0.0463721	0.0734754	0.1054490	0.0148221	0.0496894	0.0806042	0.0210333	0.0802513	0.0321146	0.1550680	0.0982496	0.0347261	0.0513834	0.0755223	0.0517363	0.0295031	Healthy
0.0501460	0.0739158	0.1039410	0.0170976	0.0560363	0.0775646	0.0246038	0.0777210	0.0335696	0.1403250	0.1000830	0.0352898	0.0556714	0.0730296	0.0509800	0.0300250	Healthy
0.0499787	0.0766084	0.1111630	0.0146996	0.0548786	0.0763102	0.0221986	0.0801449	0.0285045	0.1428210	0.1020030	0.0385599	0.0537708	0.0711547	0.0506178	0.0265871	Ovarian_Cancer
0.0565307	0.0772378	0.1051910	0.0187082	0.0523768	0.0821101	0.0224561	0.0878568	0.0315448	0.1438880	0.0930102	0.0370729	0.0467237	0.0722094	0.0458804	0.0272034	Healthy
0.0508951	0.0733046	0.1019210	0.0143734	0.0547498	0.0772900	0.0219522	0.0800340	0.0326016	0.1459560	0.1000260	0.0363256	0.0525938	0.0795766	0.0522671	0.0261335	Pancreatic_Cancer
0.0522235	0.0754280	0.1102080	0.0204049	0.0550232	0.0758049	0.0251965	0.0850651	0.0338645	0.1376660	0.0988479	0.0369872	0.0518467	0.0695058	0.0465705	0.0253580	Healthy
0.0518319	0.0729023	0.1019130	0.0196324	0.0537702	0.0830311	0.0233212	0.0831562	0.0320745	0.1403030	0.0886582	0.0400150	0.0547705	0.0772165	0.0473928	0.0300113	Healthy
0.0529569	0.0873993	0.1215150	0.0193858	0.0555435	0.0741941	0.0251035	0.0782237	0.0328360	0.1372790	0.0972555	0.0378458	0.0483010	0.0644740	0.0440264	0.0236604	Colorectal_Cancer
0.0569763	0.0882343	0.1199760	0.0199691	0.0597301	0.0719209	0.0232543	0.0780082	0.0316929	0.1331970	0.0955617	0.0391491	0.0514365	0.0654793	0.0435133	0.0219016	Colorectal_Cancer
0.0530429	0.0746490	0.1075890	0.0193783	0.0563492	0.0777786	0.0217299	0.0835956	0.0305350	0.1414120	0.0928427	0.0375544	0.0525478	0.0767707	0.0472082	0.0270165	Healthy
0.0554056	0.0783553	0.1109800	0.0208122	0.0505681	0.0812240	0.0200810	0.0857802	0.0279559	0.1471480	0.0979863	0.0343121	0.0489931	0.0696366	0.0455619	0.0251997	Colorectal_Cancer
0.0496682	0.0742215	0.1122510	0.0177642	0.0507912	0.0757019	0.0213885	0.0759571	0.0299132	0.1484430	0.1054110	0.0354773	0.0540582	0.0729454	0.0491577	0.0268504	Healthy
0.0501513	0.0703082	0.0990644	0.0186434	0.0531095	0.0853054	0.0231150	0.0808338	0.0306136	0.1453630	0.0942488	0.0372867	0.0540039	0.0778756	0.0480875	0.0319895	Pancreatic_Cancer
0.0497946	0.0802525	0.1123630	0.0154293	0.0537020	0.0731390	0.0219417	0.0751929	0.0315600	0.1438230	0.1054000	0.0373710	0.0520489	0.0731390	0.0485422	0.0263000	Bile_Duct_Cancer
0.0499471	0.0759782	0.1060360	0.0176116	0.0507199	0.0770764	0.0229806	0.0839095	0.0289596	0.1475230	0.1008700	0.0358334	0.0502725	0.0756121	0.0488896	0.0277800	Lung_Cancer
0.0498068	0.0768488	0.1031550	0.0187178	0.0549117	0.0810338	0.0216611	0.0796082	0.0296174	0.1471670	0.0953826	0.0361019	0.0504047	0.0782745	0.0493929	0.0279157	Healthy
0.0495023	0.0724063	0.1019990	0.0182766	0.0525743	0.0798725	0.0227096	0.0801447	0.0308757	0.1425180	0.0985379	0.0377586	0.0523410	0.0784337	0.0517188	0.0303313	Healthy
0.0449061	0.0747727	0.1075280	0.0192030	0.0545926	0.0768969	0.0228567	0.0779166	0.0310986	0.1503530	0.0977993	0.0361543	0.0497069	0.0754525	0.0509389	0.0298241	Gastric_cancer
0.0508441	0.0779740	0.1084220	0.0181517	0.0645067	0.0718747	0.0238606	0.0767542	0.0320582	0.1360890	0.0928077	0.0412316	0.0560164	0.0720699	0.0484044	0.0289353	Pancreatic_Cancer
0.0490155	0.0790479	0.1088730	0.0171139	0.0574063	0.0711971	0.0219739	0.0768464	0.0302816	0.1501620	0.0991942	0.0375509	0.0523802	0.0770125	0.0457755	0.0261693	Healthy
0.0563920	0.0742035	0.1000810	0.0207689	0.0582067	0.0779675	0.0264821	0.0772281	0.0352870	0.1299910	0.0885872	0.0412018	0.0529641	0.0784380	0.0489313	0.0332706	Duodenal_Cancer
0.0516931	0.0764159	0.1104290	0.0183798	0.0529418	0.0783638	0.0244231	0.0811607	0.0313156	0.1356010	0.1044850	0.0387074	0.0502947	0.0711717	0.0483468	0.0262711	Colorectal_Cancer
0.0537653	0.0745477	0.1048380	0.0193101	0.0593185	0.0797644	0.0206984	0.0822045	0.0316786	0.1433740	0.0966344	0.0384939	0.0506100	0.0734960	0.0436685	0.0275978	Healthy
0.0525054	0.0731839	0.0979381	0.0176816	0.0534045	0.0818149	0.0223567	0.0848717	0.0305083	0.1431910	0.0936826	0.0372213	0.0535843	0.0755814	0.0495085	0.0329657	Healthy
0.0546235	0.0756933	0.0990329	0.0192441	0.0523044	0.0831442	0.0231422	0.0871904	0.0314320	0.1442810	0.0933090	0.0367611	0.0486529	0.0738676	0.0489983	0.0283233	Lung_Cancer
0.0695442	0.0785260	0.1323140	0.0382878	0.0655410	0.0811948	0.0456272	0.0401868	0.0857114	0.1229210	0.0587148	0.0289982	0.0313077	0.0512215	0.0263293	0.0435742	Breast_Cancer
0.0511471	0.0718620	0.1010620	0.0166382	0.0538017	0.0787827	0.0219947	0.0770762	0.0341297	0.1486060	0.0973170	0.0386803	0.0548445	0.0776925	0.0477816	0.0285836	Healthy
0.0463285	0.0725620	0.1040650	0.0171994	0.0547834	0.0806115	0.0229326	0.0771369	0.0346305	0.1341210	0.0967107	0.0401899	0.0546097	0.0810169	0.0526407	0.0304610	Healthy
0.0545688	0.0782223	0.1095530	0.0170554	0.0540294	0.0793842	0.0253548	0.0801726	0.0324508	0.1370240	0.0967715	0.0356046	0.0515395	0.0725371	0.0484688	0.0272637	Ovarian_Cancer
0.0544035	0.0719688	0.1013660	0.0193340	0.0531227	0.0855087	0.0236643	0.0857526	0.0319590	0.1414980	0.0931325	0.0378141	0.0462308	0.0778239	0.0487314	0.0276897	Healthy
0.0499941	0.0770494	0.1079160	0.0162660	0.0541808	0.0748563	0.0233845	0.0781283	0.0303976	0.1504870	0.1003990	0.0350182	0.0497244	0.0738009	0.0488800	0.0295180	Healthy
0.0552687	0.0772296	0.1038440	0.0204947	0.0763052	0.0718748	0.0252757	0.0733729	0.0348378	0.1209920	0.0871741	0.0468860	0.0557468	0.0771977	0.0478740	0.0256263	Colorectal_Cancer
0.0483624	0.0711498	0.1049480	0.0183972	0.0597909	0.0801394	0.0228571	0.0807666	0.0308711	0.1485020	0.0935889	0.0358885	0.0530314	0.0761672	0.0479443	0.0275958	Healthy
0.0502495	0.0738997	0.1040150	0.0205309	0.0586434	0.0824637	0.0251248	0.0743534	0.0416289	0.1386120	0.0935231	0.0344260	0.0513838	0.0731624	0.0462795	0.0317037	Breast_Cancer
0.0526055	0.0746484	0.0998017	0.0201046	0.0554454	0.0863686	0.0218175	0.0833033	0.0310584	0.1446990	0.0984493	0.0334926	0.0513884	0.0734313	0.0438604	0.0295258	Healthy
0.0536187	0.0722157	0.1054360	0.0166896	0.0504927	0.0790505	0.0233125	0.0863622	0.0302003	0.1437960	0.0962700	0.0349687	0.0542015	0.0735933	0.0514464	0.0283459	Ovarian_Cancer
0.0532082	0.0749238	0.1043040	0.0191117	0.0535030	0.0813108	0.0226000	0.0877469	0.0316891	0.1332420	0.0956077	0.0378304	0.0545347	0.0720252	0.0482952	0.0300678	Healthy
0.0616814	0.0729878	0.1147990	0.0254114	0.0504870	0.0853017	0.0315124	0.0650397	0.0569797	0.1370760	0.0835666	0.0302250	0.0444420	0.0612896	0.0406358	0.0385649	Breast_Cancer
0.0766766	0.0756232	0.1148170	0.0336201	0.0502107	0.0851475	0.0413448	0.0598227	0.0631584	0.1185920	0.0731654	0.0376141	0.0379213	0.0575404	0.0354635	0.0392820	Lung_Cancer
0.0496703	0.0774176	0.1090110	0.0175824	0.0507692	0.0783516	0.0239560	0.0823077	0.0305495	0.1465930	0.0981868	0.0354396	0.0502747	0.0740659	0.0458242	0.0300000	Healthy
0.0548241	0.0762337	0.1118610	0.0177584	0.0555986	0.0717526	0.0238991	0.0786678	0.0300398	0.1407390	0.1020690	0.0366785	0.0536623	0.0710887	0.0490153	0.0261120	Ovarian_Cancer
0.0492574	0.0733519	0.0963778	0.0159739	0.0541190	0.0818464	0.0241479	0.0856929	0.0315205	0.1444060	0.0930655	0.0375040	0.0510738	0.0786943	0.0512875	0.0316807	Gastric_cancer
0.0566229	0.0684674	0.0987289	0.0181280	0.0543117	0.0816842	0.0243392	0.0818287	0.0351726	0.1358520	0.0946122	0.0386393	0.0514228	0.0773509	0.0490394	0.0338004	Healthy
0.0590391	0.0643322	0.0958198	0.0191368	0.0557818	0.0788545	0.0195440	0.0890337	0.0287731	0.1419650	0.0945983	0.0392237	0.0579533	0.0799403	0.0488599	0.0271444	Lung_Cancer
0.0509441	0.0743509	0.1014950	0.0181616	0.0550092	0.0786126	0.0241935	0.0782848	0.0316680	0.1478490	0.0923813	0.0395358	0.0508786	0.0807763	0.0457645	0.0300944	Healthy
0.0476503	0.0796911	0.1121430	0.0186494	0.0571804	0.0754190	0.0215248	0.0762406	0.0289188	0.1491130	0.1001480	0.0385311	0.0514295	0.0719685	0.0473217	0.0240716	Pancreatic_Cancer
0.0532041	0.0766911	0.1044300	0.0175534	0.0533030	0.0800040	0.0234869	0.0840585	0.0317445	0.1429000	0.0960245	0.0382714	0.0472211	0.0773833	0.0480617	0.0256626	Healthy
0.0510868	0.0761167	0.1014460	0.0184409	0.0528838	0.0834760	0.0215643	0.0820640	0.0296937	0.1478690	0.0978521	0.0361116	0.0492470	0.0735068	0.0500171	0.0286240	Healthy
0.0487739	0.0713995	0.1036440	0.0156483	0.0587319	0.0714673	0.0233708	0.0808833	0.0335320	0.1454410	0.0957865	0.0380030	0.0537190	0.0777672	0.0535158	0.0283159	Healthy
0.0504871	0.0688460	0.0978831	0.0191083	0.0617272	0.0803672	0.0247284	0.0809292	0.0316598	0.1417200	0.0926377	0.0404646	0.0532971	0.0769951	0.0493631	0.0297864	Healthy
0.0499545	0.0729754	0.0956324	0.0187443	0.0548681	0.0757052	0.0252047	0.0804368	0.0306642	0.1493180	0.1009100	0.0353958	0.0512284	0.0803458	0.0509554	0.0276615	Pancreatic_Cancer
0.0536951	0.0755019	0.1090340	0.0176964	0.0514019	0.0804777	0.0239702	0.0829007	0.0332728	0.1438650	0.0976116	0.0363015	0.0499740	0.0710453	0.0468155	0.0264365	Healthy
0.0551309	0.0758292	0.1077680	0.0166818	0.0527663	0.0802021	0.0246826	0.0866805	0.0303835	0.1343290	0.0968839	0.0383195	0.0502721	0.0729464	0.0487821	0.0283428	Pancreatic_Cancer
0.0512251	0.0707757	0.1042910	0.0187889	0.0570649	0.0742669	0.0245652	0.0841691	0.0325632	0.1390760	0.0933731	0.0399898	0.0524946	0.0787102	0.0502095	0.0284372	Healthy
0.0522378	0.0712036	0.1014570	0.0168657	0.0578816	0.0790786	0.0234283	0.0809161	0.0341908	0.1450980	0.0924662	0.0383252	0.0510566	0.0756661	0.0509253	0.0292033	Healthy
0.0548950	0.0762863	0.1052340	0.0193355	0.0565618	0.0820091	0.0213913	0.0830092	0.0307812	0.1351260	0.0949550	0.0382820	0.0509501	0.0787310	0.0477831	0.0246694	Healthy
0.0537313	0.0684211	0.1032990	0.0195601	0.0567164	0.0823252	0.0240377	0.0818539	0.0366850	0.1369210	0.0886881	0.0384918	0.0547526	0.0744698	0.0498822	0.0301650	Healthy
0.0497633	0.0732008	0.1185130	0.0158144	0.0664773	0.0702652	0.0240057	0.0714489	0.0329545	0.1282670	0.0982481	0.0427083	0.0607955	0.0763258	0.0473958	0.0238163	Bile_Duct_Cancer
0.0545930	0.0750653	0.1021200	0.0163101	0.0492692	0.0858581	0.0204240	0.0899719	0.0280225	0.1594710	0.0986836	0.0318943	0.0425903	0.0697416	0.0470429	0.0289420	Ovarian_Cancer
0.0538084	0.0838484	0.1163880	0.0189965	0.0562625	0.0784403	0.0231322	0.0754408	0.0351754	0.1319990	0.0951872	0.0377204	0.0506726	0.0710098	0.0468097	0.0251091	Bile_Duct_Cancer
0.0482705	0.0735157	0.1070210	0.0184822	0.0533815	0.0794011	0.0212700	0.0824987	0.0316985	0.1468770	0.0991740	0.0359319	0.0488900	0.0743934	0.0491482	0.0300465	Healthy
