AA	AC	AG	AT	CA	CC	CG	CT	GA	GC	GG	GT	TA	TC	TG	TT	cancer
0.064758	0.04852	0.0750189	0.0428843	0.0698958	0.0891251	0.0370219	0.0742955	0.0606894	0.0721648	0.0888598	0.0479201	0.0358641	0.0605408	0.068704	0.0637374	background
0.049328	0.0908384	0.0780836	0.0504709	0.0294871	0.107205	0.0153607	0.0524367	0.0222639	0.0787236	0.0545396	0.0344244	0.0311786	0.147618	0.0857639	0.0722776	Bile_Duct_Cancer
0.0476478	0.0958399	0.0821139	0.048313	0.0314427	0.10491	0.0180796	0.0524852	0.022796	0.0708671	0.0541178	0.034587	0.0331358	0.149776	0.0816907	0.0721974	Healthy
0.0511744	0.0982926	0.0802754	0.0486275	0.0317423	0.110178	0.0167909	0.052495	0.0259881	0.0788605	0.0507499	0.0373078	0.0274502	0.145788	0.0720687	0.0722102	Pancreatic_Cancer
0.0337416	0.0634744	0.0545657	0.0412027	0.0791759	0.117929	0.0282851	0.0538976	0.0408686	0.0675947	0.0651448	0.0324053	0.0526726	0.125278	0.0832962	0.0604677	Breast_Cancer
0.0517595	0.0939883	0.084262	0.0489736	0.0327957	0.1	0.0195992	0.0527859	0.020088	0.0741935	0.0501466	0.0372434	0.0282991	0.14868	0.0811339	0.0760508	Healthy
0.0470925	0.0971686	0.0806131	0.0539956	0.031239	0.105534	0.0173745	0.0568621	0.022815	0.0741196	0.0510706	0.0365625	0.0294255	0.13847	0.0720136	0.0856441	Healthy
0.0334999	0.0732926	0.0539515	0.0400703	0.0793078	0.121599	0.0254488	0.059504	0.0423839	0.068573	0.0648714	0.0323894	0.0459004	0.119193	0.0829169	0.0570979	Breast_Cancer
0.0466685	0.0874174	0.0710352	0.0488023	0.0491465	0.116327	0.0223018	0.0515556	0.0285655	0.0705534	0.0530699	0.0332461	0.0392346	0.134912	0.0759224	0.0712417	Breast_Cancer
0.0428212	0.0993025	0.070529	0.0553187	0.0322127	0.114852	0.0181651	0.0613738	0.0234451	0.0805561	0.0576439	0.041368	0.0246561	0.135487	0.0677194	0.0745495	Breast_Cancer
0.0475735	0.101572	0.0801777	0.0494874	0.0318524	0.105537	0.0157895	0.0496241	0.0237867	0.0733424	0.0509911	0.0361586	0.030622	0.143199	0.0828435	0.0774436	Healthy
0.0519446	0.0982419	0.0824188	0.050666	0.0332445	0.105754	0.0173681	0.0528503	0.0241875	0.0751731	0.0501332	0.0362813	0.0314331	0.142248	0.0758125	0.0722429	Healthy
0.0426418	0.0968159	0.0687444	0.0451733	0.0470297	0.113636	0.0236274	0.0587309	0.0279028	0.0743699	0.0527678	0.0367912	0.0307718	0.137939	0.0746512	0.0684068	Breast_Cancer
0.0407574	0.093567	0.0710973	0.0455859	0.0434188	0.116113	0.0199605	0.0562695	0.0276785	0.0803361	0.0557752	0.0377918	0.0303019	0.140902	0.0742149	0.0662307	Breast_Cancer
0.047551	0.0976451	0.0838501	0.0458789	0.0327458	0.108444	0.0186721	0.0559813	0.0245245	0.078346	0.0531596	0.0369261	0.0256741	0.140528	0.0810632	0.06901	Healthy
0.0476849	0.0974912	0.0744328	0.0509131	0.0333887	0.103394	0.0199225	0.0555248	0.0204759	0.0735104	0.0551559	0.0389227	0.0277624	0.140841	0.0795979	0.0809814	Healthy
0.0466037	0.100772	0.0726977	0.0496497	0.034572	0.117575	0.0171591	0.0524926	0.0233526	0.0766068	0.050665	0.035232	0.02914	0.147528	0.0752868	0.0706671	Lung_Cancer
0.0497323	0.10261	0.0774431	0.0546854	0.0291165	0.100402	0.015261	0.0546185	0.0210843	0.0725569	0.0463186	0.0390897	0.0303213	0.152477	0.0708835	0.0834003	Breast_Cancer
0.0520089	0.0920631	0.0799852	0.0544737	0.0372812	0.0971777	0.0193493	0.0555829	0.0258812	0.0700641	0.0525635	0.0354326	0.0305645	0.132918	0.0870101	0.0776436	Healthy
0.0478879	0.0960929	0.0826462	0.048205	0.0338704	0.102562	0.0196626	0.0561335	0.0244831	0.0742738	0.0557529	0.0352658	0.0260688	0.146581	0.0813776	0.0691361	Colorectal_Cancer
0.046806	0.101459	0.0716483	0.0542981	0.0327681	0.117823	0.017153	0.0591088	0.0253549	0.0780757	0.0480284	0.0392744	0.0267744	0.134503	0.0722003	0.074724	Pancreatic_Cancer
0.0453214	0.0993146	0.0793125	0.0462249	0.0324644	0.11482	0.0190778	0.0494652	0.0240939	0.0803199	0.0543255	0.0341988	0.0279468	0.147897	0.077277	0.0679406	Healthy
0.0527569	0.0966165	0.0884085	0.0498747	0.0286967	0.100501	0.0185464	0.0525689	0.0223058	0.0721178	0.0529449	0.0340852	0.0278195	0.151378	0.0764411	0.0749373	Healthy
0.0483223	0.0977194	0.0860361	0.0541172	0.0312646	0.104542	0.0185999	0.0573418	0.0224787	0.076409	0.0545378	0.0372465	0.0266847	0.133003	0.0765025	0.0751939	Ovarian_Cancer
0.0537652	0.0956596	0.0791385	0.0569471	0.0320225	0.10802	0.0152566	0.0567023	0.0237007	0.0774659	0.0479726	0.0398548	0.0264747	0.140654	0.0711022	0.0752631	Ovarian_Cancer
0.0489368	0.0894247	0.0749478	0.0552971	0.0353142	0.110974	0.0196507	0.0642681	0.0291912	0.0789349	0.0517847	0.0462787	0.0284317	0.121749	0.0713879	0.0734289	Colorectal_Cancer
0.0478616	0.0983962	0.0787097	0.0465612	0.032582	0.110605	0.017483	0.0537495	0.0232987	0.0793599	0.0498844	0.0376029	0.0267664	0.151893	0.0760006	0.0692458	Healthy
0.0480733	0.104151	0.0741344	0.0521221	0.0309475	0.113505	0.0162416	0.0533321	0.0224311	0.0783693	0.0454207	0.034624	0.0270849	0.156273	0.0685499	0.0747394	Pancreatic_Cancer
0.0449175	0.0952158	0.0782548	0.0558545	0.0331033	0.100187	0.0197684	0.058077	0.02357	0.0736928	0.0518774	0.0370804	0.0271377	0.142239	0.0832846	0.0757399	Healthy
0.0523988	0.101495	0.0732087	0.0567601	0.032648	0.101869	0.0155763	0.0544548	0.0234268	0.0729595	0.0475389	0.0380685	0.0314019	0.148037	0.074704	0.0754517	Healthy
0.0478089	0.0985365	0.0795856	0.053523	0.0283647	0.108526	0.0181699	0.0540163	0.0218696	0.0802434	0.0507687	0.0369563	0.0267204	0.140714	0.0771191	0.077078	Healthy
0.0339756	0.0704025	0.0535857	0.03808	0.0804355	0.129404	0.0356858	0.0536997	0.0392772	0.0673811	0.0709155	0.0254247	0.0438947	0.119314	0.0895565	0.0489682	Breast_Cancer
0.0452657	0.090972	0.0839839	0.0499874	0.0330521	0.109104	0.0198942	0.0547721	0.0214681	0.0758625	0.0537018	0.0367036	0.0258751	0.141715	0.0827248	0.0749182	Healthy
0.0487814	0.0978872	0.0799683	0.051197	0.0310787	0.108307	0.0174863	0.0516297	0.0238679	0.0735506	0.0502596	0.0349365	0.0285549	0.15132	0.0775166	0.0736588	Healthy
0.0537554	0.0925981	0.0712446	0.0537059	0.0349782	0.10652	0.0187277	0.057174	0.0222949	0.0719877	0.0484047	0.0404281	0.0292806	0.140557	0.0764467	0.0818966	Lung_Cancer
0.0482615	0.0989395	0.079071	0.0568533	0.031078	0.110082	0.0147	0.0547725	0.0224191	0.0682642	0.0527588	0.0378574	0.025641	0.142368	0.0807491	0.0761847	Bile_Duct_Cancer
0.0490323	0.0997758	0.0800094	0.0538707	0.0303281	0.10308	0.0172292	0.058591	0.0247817	0.0784163	0.0514515	0.0388836	0.0267878	0.143262	0.0726929	0.0718079	Healthy
0.0456449	0.0999754	0.0824196	0.0521744	0.0325243	0.107798	0.0174325	0.0552544	0.0226685	0.0720094	0.0535296	0.0361587	0.0250092	0.141	0.081742	0.0746581	Healthy
0.0459866	0.0939939	0.0820792	0.0540691	0.0315635	0.106884	0.0158863	0.0551839	0.0224359	0.0751115	0.0510033	0.0363016	0.0284281	0.142349	0.0785256	0.0801979	Healthy
0.0471976	0.0937919	0.0819254	0.0568517	0.0321802	0.101234	0.0189059	0.0570528	0.0241352	0.0723384	0.0512872	0.041365	0.0283588	0.135291	0.0799812	0.078104	Healthy
0.0437008	0.0981627	0.0744094	0.0515092	0.0343504	0.114108	0.0165354	0.0554134	0.0238517	0.0780512	0.0521982	0.0361549	0.0277559	0.146588	0.0762467	0.0709646	Breast_Cancer
0.0435663	0.0989185	0.0866057	0.0495563	0.0330837	0.112368	0.019218	0.0509706	0.0237105	0.0765114	0.0591791	0.0369107	0.0273433	0.134859	0.0838602	0.0633389	Pancreatic_Cancer
0.0524476	0.1	0.081993	0.051486	0.0267483	0.098514	0.018007	0.0523601	0.022465	0.0685315	0.0454545	0.0358392	0.0311189	0.151136	0.0773601	0.0865385	Healthy
0.0498736	0.0931641	0.0874236	0.0509796	0.0317042	0.103328	0.0200653	0.0559301	0.0223826	0.0711502	0.0504529	0.037076	0.0301243	0.136455	0.0846851	0.0752054	Ovarian_Cancer
0.0475293	0.0922567	0.0801834	0.0496689	0.0342333	0.106928	0.0192562	0.0578706	0.02216	0.0785023	0.0520632	0.036271	0.0260316	0.143658	0.0762608	0.0771268	Healthy
0.0594994	0.101606	0.0720919	0.051944	0.0343932	0.106092	0.0162128	0.0460412	0.027546	0.0768141	0.0485597	0.0354163	0.0336062	0.148513	0.0706753	0.0709901	Bile_Duct_Cancer
0.0461767	0.100297	0.0728155	0.0514724	0.0343015	0.119795	0.0176121	0.0565674	0.024994	0.079716	0.0526358	0.0367087	0.0285244	0.138731	0.0710102	0.0686432	Breast_Cancer
0.0497807	0.0993837	0.0751452	0.0511438	0.0341946	0.103058	0.0184307	0.0567145	0.0247126	0.0725376	0.0495437	0.0380467	0.0296906	0.142349	0.077812	0.0774564	Lung_Cancer
0.0504741	0.102451	0.0757401	0.0591466	0.0361355	0.109621	0.0150902	0.063772	0.0269426	0.0788043	0.0484505	0.0415703	0.0269426	0.124595	0.0679348	0.0723289	Bile_Duct_Cancer
0.0513653	0.0945785	0.0837089	0.0507025	0.0338017	0.0970308	0.0176962	0.0568001	0.0239263	0.0719777	0.0520281	0.0388388	0.0321448	0.135737	0.0813229	0.0783404	Healthy
0.0490831	0.09702	0.0774676	0.0539374	0.0310814	0.102009	0.0161812	0.0520496	0.0213053	0.0722087	0.0471278	0.0365426	0.0330367	0.152913	0.0739617	0.084075	Healthy
0.0474197	0.0927752	0.0866399	0.0473624	0.0351491	0.105734	0.018406	0.0515482	0.0232225	0.0737385	0.0520642	0.0340596	0.0293005	0.149885	0.0784404	0.0742546	Healthy
0.0488516	0.105541	0.0756015	0.051358	0.027479	0.115886	0.0156763	0.0512669	0.0234688	0.0823915	0.0491706	0.037459	0.0244258	0.153573	0.0673988	0.0704521	Pancreatic_Cancer
0.0513913	0.0980822	0.0752695	0.0577212	0.0324016	0.104725	0.0139133	0.0533342	0.0238782	0.0733266	0.0456881	0.040173	0.0295813	0.146403	0.0744548	0.0796566	Pancreatic_Cancer
0.0507147	0.0962264	0.076215	0.0531732	0.0314465	0.105546	0.0178959	0.0554603	0.0225843	0.073928	0.0481418	0.0350486	0.030303	0.143854	0.0789022	0.0805603	Healthy
0.0475644	0.100209	0.0789298	0.0486284	0.0300615	0.110848	0.0165015	0.0520497	0.0227183	0.0788881	0.0504642	0.0351622	0.0266507	0.152905	0.0773965	0.0710233	Healthy
0.0504192	0.0993851	0.0822247	0.0514813	0.0319732	0.103018	0.0181107	0.0519843	0.024986	0.0754053	0.0497485	0.036389	0.0290106	0.14019	0.0806596	0.075014	Healthy
0.0472747	0.102614	0.0836346	0.0542269	0.0307286	0.102058	0.0159205	0.0529755	0.0234983	0.069035	0.0474138	0.0357341	0.0286429	0.144118	0.0825918	0.0795328	Healthy
0.0494025	0.097377	0.0808474	0.0553158	0.0319727	0.107636	0.0159243	0.0572404	0.0225361	0.0767344	0.0505355	0.0391588	0.0264473	0.137529	0.076393	0.0749496	Healthy
0.0418167	0.0879996	0.0688243	0.0441574	0.0502341	0.112982	0.0239017	0.0590115	0.0315538	0.0771966	0.0587865	0.0338495	0.0325891	0.134948	0.0777818	0.064368	Lung_Cancer
0.0468308	0.097747	0.0778658	0.0503818	0.0324042	0.110114	0.0173431	0.0526861	0.0234098	0.0751609	0.0501481	0.0361333	0.0292985	0.148518	0.0785003	0.0734577	Healthy
0.043062	0.0967711	0.0644825	0.0544673	0.0369329	0.128839	0.0153229	0.0666625	0.0333628	0.0871351	0.0525401	0.0462846	0.0239795	0.121856	0.0594907	0.0688108	Breast_Cancer
0.0501382	0.100151	0.0818673	0.0483162	0.0330485	0.103355	0.0157075	0.0511435	0.0222418	0.0735109	0.0486303	0.0378236	0.0304725	0.149472	0.0794169	0.0747047	Healthy
0.0474385	0.104393	0.0777762	0.0555953	0.031411	0.103892	0.0151689	0.054522	0.0254007	0.0763452	0.0492988	0.0383515	0.0281912	0.137593	0.0763452	0.078277	Healthy
0.0502263	0.0957611	0.0821283	0.0517717	0.0347169	0.103047	0.0183795	0.0512198	0.0248924	0.0744563	0.0504471	0.0366486	0.0277624	0.144773	0.0788718	0.0748979	Healthy
0.0500295	0.0977555	0.0845245	0.0481985	0.0347312	0.101831	0.0187242	0.0510927	0.0222682	0.0707029	0.0502658	0.0356172	0.0330183	0.14808	0.0795038	0.0736562	Healthy
0.0492247	0.0963011	0.0829325	0.051268	0.0298314	0.105198	0.0179339	0.0528792	0.0231062	0.0752265	0.0524122	0.0365216	0.0276013	0.14416	0.079278	0.0761255	Healthy
0.0468655	0.094403	0.0777832	0.051998	0.0309789	0.111084	0.0152756	0.0538922	0.0228523	0.0797385	0.0503483	0.0386166	0.0276182	0.14689	0.0766834	0.0749725	Pancreatic_Cancer
0.0450624	0.0974012	0.0819127	0.0495842	0.0294179	0.109148	0.0192827	0.0574844	0.0216736	0.0778586	0.0560811	0.0388254	0.0254158	0.137214	0.0779106	0.0757277	Colorectal_Cancer
0.0499243	0.0975768	0.0795651	0.0534401	0.0322912	0.110991	0.0180117	0.053981	0.0242319	0.0785915	0.05463	0.0411077	0.0255301	0.131761	0.075833	0.0725335	Lung_Cancer
0.0475625	0.104978	0.0686926	0.0574945	0.035019	0.118669	0.0158278	0.0569009	0.0245726	0.077754	0.0458215	0.0404004	0.0265116	0.138097	0.0679012	0.0737971	Pancreatic_Cancer
0.0497241	0.0986958	0.0798846	0.0530474	0.0336092	0.107223	0.0185603	0.0593178	0.0233885	0.0706672	0.0505393	0.0391272	0.0258967	0.140645	0.0756208	0.0740532	Healthy
0.0469538	0.107446	0.0608	0.0566769	0.0335385	0.111569	0.0140923	0.0534769	0.0224	0.0776615	0.0484923	0.0371692	0.0307077	0.140062	0.0812923	0.0776615	Gastric_cancer
0.0484033	0.0980639	0.0762509	0.0534322	0.0328137	0.102087	0.0169097	0.0568896	0.0252703	0.0772567	0.0496605	0.0378426	0.0320593	0.141061	0.0758109	0.0761881	Pancreatic_Cancer
0.0516629	0.0949817	0.0817256	0.0509528	0.0316014	0.10664	0.0179903	0.0543851	0.0229021	0.0703634	0.0514262	0.0375784	0.0301811	0.143035	0.0769322	0.0776423	Healthy
0.0499474	0.102632	0.0781579	0.0535789	0.0299474	0.104947	0.0159474	0.0551579	0.0243684	0.0803684	0.0511053	0.0375263	0.0278947	0.142263	0.0746842	0.0714737	Pancreatic_Cancer
0.0480769	0.0980253	0.0812468	0.0528523	0.0338152	0.106221	0.0172303	0.0489158	0.0239417	0.0736319	0.0499484	0.0340733	0.0307821	0.151458	0.0760196	0.073761	Healthy
0.0512322	0.0979711	0.088753	0.0501668	0.0303409	0.104178	0.0162127	0.0498425	0.0211692	0.0724477	0.0497499	0.0358533	0.0284417	0.147953	0.0828701	0.0728182	Breast_Cancer
0.051872	0.0942794	0.0819389	0.0503556	0.0308513	0.101025	0.0193474	0.056369	0.025936	0.0729973	0.0541728	0.0368647	0.0299101	0.13836	0.0816252	0.0740954	Healthy
0.0478082	0.103744	0.0874429	0.0498174	0.0274429	0.101507	0.0147489	0.050411	0.0223288	0.0782192	0.0488128	0.0356621	0.0292694	0.151324	0.0783562	0.073105	Breast_Cancer
0.0499852	0.0973032	0.0793737	0.0542823	0.0327966	0.103774	0.0180283	0.0609503	0.0217327	0.0762126	0.0498864	0.0387237	0.0262768	0.136027	0.0768053	0.0778425	Gastric_cancer
0.0459926	0.0985216	0.0837136	0.0484645	0.0311846	0.108029	0.0189199	0.0505087	0.0223427	0.076583	0.0559042	0.0364138	0.0269538	0.14247	0.0822637	0.0717342	Healthy
0.0460775	0.101149	0.0755586	0.0497894	0.0314084	0.112356	0.0175244	0.0515383	0.0229852	0.0801984	0.0504676	0.0348347	0.0269113	0.15308	0.0771647	0.0689557	Healthy
0.0461095	0.101188	0.0778392	0.0491678	0.0300241	0.111039	0.0172617	0.052079	0.0218785	0.0775451	0.0523437	0.0356408	0.0260248	0.153267	0.0784273	0.0701641	Healthy
0.0525444	0.092848	0.0836541	0.0542014	0.0335151	0.101561	0.0169446	0.0512615	0.0241608	0.0701304	0.0519029	0.0341565	0.0291854	0.145392	0.0815694	0.0769724	Healthy
0.0491033	0.106391	0.0715912	0.0512383	0.0340877	0.116994	0.0146598	0.0549388	0.0232707	0.0772132	0.0414888	0.0350128	0.029889	0.154355	0.0695986	0.0701679	Gastric_cancer
0.0457356	0.0925999	0.0766022	0.0512808	0.0379821	0.10791	0.0191874	0.0519678	0.0276769	0.0739032	0.0553047	0.03651	0.0291982	0.134017	0.0876926	0.0724311	Gastric_cancer
0.0457959	0.095574	0.0778814	0.0500057	0.0341905	0.108659	0.019001	0.0547275	0.0242348	0.0807828	0.0512004	0.0366936	0.0285584	0.144101	0.0781659	0.0704289	Healthy
0.048398	0.0980075	0.0816505	0.0512251	0.0337911	0.10144	0.0179725	0.0515617	0.0224825	0.0711497	0.0493403	0.0337911	0.0317717	0.150983	0.0805735	0.0758616	Healthy
0.0500175	0.0989286	0.0743566	0.0525213	0.0329568	0.104344	0.016129	0.0552579	0.0247467	0.0762199	0.0494934	0.0406428	0.0315593	0.147199	0.0721439	0.0734832	Healthy
0.0480169	0.0989952	0.0809096	0.0525648	0.0303014	0.106187	0.019302	0.0549445	0.0239027	0.0826018	0.0519302	0.0363829	0.026018	0.140349	0.0750397	0.0725542	Ovarian_Cancer
0.039648	0.083288	0.0631464	0.0422791	0.062965	0.117946	0.0269461	0.0421884	0.0326619	0.0683179	0.064961	0.0288514	0.0432771	0.133642	0.0905462	0.0593359	Gastric_cancer
0.0464078	0.0986963	0.084526	0.0481791	0.0335837	0.103018	0.0179963	0.0536347	0.0199802	0.0760238	0.0490293	0.0371263	0.0265694	0.147017	0.0803458	0.0778659	Healthy
0.0486084	0.100819	0.0770548	0.0505352	0.0301406	0.112715	0.0159266	0.055087	0.0225915	0.08035	0.049018	0.0368891	0.0265568	0.147268	0.0741785	0.072261	Healthy
0.04765	0.0971756	0.0787996	0.0481403	0.0322774	0.109373	0.0175669	0.051205	0.0230956	0.0773776	0.0512173	0.033773	0.0287101	0.152647	0.0788487	0.0721431	Healthy
0.049484	0.0927479	0.0822429	0.0516955	0.0337726	0.104405	0.0183376	0.0562108	0.0227608	0.0702635	0.0552433	0.0340951	0.0310081	0.1426	0.0847309	0.0704018	Colorectal_Cancer
0.047583	0.0949497	0.0877041	0.0466638	0.0326052	0.109711	0.0194117	0.055099	0.0251974	0.0777009	0.0553152	0.0327133	0.0278469	0.143398	0.0797015	0.0643993	Colorectal_Cancer
0.0479346	0.101566	0.0764163	0.0493684	0.0297605	0.120553	0.0168565	0.0543285	0.0225141	0.0846702	0.0498334	0.0377432	0.0242192	0.145586	0.07196	0.0666899	Breast_Cancer
0.0494917	0.100268	0.0802568	0.0517389	0.0282504	0.106902	0.0150883	0.0486891	0.0218834	0.0766185	0.047191	0.0355805	0.0275013	0.160995	0.0731942	0.076351	Breast_Cancer
0.0486764	0.105065	0.0791402	0.0519033	0.0304091	0.104189	0.0181033	0.0550755	0.0223693	0.0768431	0.0479107	0.0367534	0.0281667	0.143131	0.0774448	0.0748195	Ovarian_Cancer
0.050286	0.0987914	0.0823352	0.0488292	0.032319	0.114762	0.0177512	0.0519586	0.0220136	0.0736484	0.0488831	0.0356102	0.0269774	0.143628	0.0802309	0.0719758	Pancreatic_Cancer
0.0500711	0.0940256	0.0809862	0.0569464	0.032385	0.108819	0.018018	0.0627786	0.0240872	0.0746325	0.0539592	0.0406828	0.0236605	0.128497	0.0738265	0.076624	Bile_Duct_Cancer
0.0484801	0.0961691	0.0750932	0.054978	0.0339021	0.101876	0.0185897	0.0598938	0.0215844	0.0738502	0.0500057	0.039722	0.0265002	0.140863	0.078879	0.0796135	Lung_Cancer
0.0484439	0.101751	0.0804928	0.0534457	0.0325584	0.10189	0.0167655	0.0541404	0.0230641	0.0793349	0.0483976	0.0353835	0.0283901	0.144127	0.0772045	0.074611	Healthy
0.0441997	0.0995094	0.0780589	0.0517507	0.0315506	0.115429	0.0174586	0.0550693	0.022701	0.0789727	0.0495864	0.0372259	0.0257311	0.14496	0.0749808	0.0728165	Healthy
0.0437321	0.100164	0.07613	0.0522327	0.0328759	0.124505	0.0189813	0.0561245	0.0224635	0.0887956	0.0527106	0.0396695	0.0221904	0.13024	0.0720333	0.0671514	Colorectal_Cancer
0.0434112	0.102578	0.0813134	0.0540987	0.0275452	0.108748	0.019502	0.0565227	0.0240194	0.0753636	0.053658	0.037792	0.0244601	0.139048	0.0769061	0.0750331	Lung_Cancer
0.0486219	0.0900503	0.0783498	0.0546022	0.0344947	0.105044	0.0194141	0.0614491	0.0255677	0.0771364	0.0563356	0.0381349	0.0272144	0.130005	0.0771364	0.0764431	Healthy
0.0503866	0.100399	0.0809429	0.0495136	0.031554	0.105637	0.0174607	0.0501372	0.0254428	0.0762035	0.0541282	0.037228700000000003	0.028436	0.142866	0.0749563	0.0747069	Healthy
0.0482918	0.0896695	0.093073	0.0429617	0.0352984	0.109877	0.0227759	0.0511816	0.0250878	0.0734438	0.061734700000000003	0.0344422	0.0268216	0.131454	0.090226	0.0636613	Bile_Duct_Cancer
0.0470151	0.101802	0.072716	0.0525939	0.0300877	0.111911	0.0175949	0.0598417	0.0236029	0.0795346	0.0493515	0.041913	0.0246519	0.14157	0.0705703	0.0752432	Pancreatic_Cancer
0.0435735	0.0999865	0.0738694	0.0520995	0.0312732	0.109523	0.0174901	0.0583002	0.0230505	0.0790928	0.0488643	0.0377435	0.0257127	0.150502	0.0723866	0.0765316	Healthy
0.0541693	0.0942947	0.0850157	0.0541693	0.0292163	0.100313	0.019185	0.0547962	0.0240125	0.0694044	0.0481505	0.0380564	0.030094	0.141693	0.0801881	0.0772414	Breast_Cancer
0.0418245	0.0916128	0.079305	0.0472822	0.0324683	0.111718	0.0210515	0.059423	0.0230007	0.0804745	0.0639898	0.0407106	0.0255625	0.131321	0.0791936	0.0710626	Colorectal_Cancer
0.0456625	0.0992508	0.0821372	0.0533912	0.0324527	0.108399	0.018612	0.0552839	0.0216877	0.0766956	0.0503943	0.0397871	0.026183	0.141128	0.0770505	0.0718849	Healthy
0.0490999	0.0966828	0.0841424	0.0524373	0.0308455	0.105633	0.0176477	0.0503641	0.0255866	0.0749393	0.0532464	0.0358515	0.0290251	0.143457	0.079844300000000007	0.0711974	Ovarian_Cancer
0.0483467	0.0941062	0.0856173	0.0487913	0.030156	0.104657	0.0168971	0.0508529	0.0215862	0.076239	0.0523486	0.0364621	0.0263966	0.152114	0.0776134	0.0778155	Breast_Cancer
0.0482283	0.0926837	0.0798885	0.0544619	0.0316601	0.104987	0.0205052	0.0526575	0.0219816	0.0790682	0.0582349	0.0396982	0.0305118	0.126804	0.0789042	0.0797244	Lung_Cancer
0.0515916	0.0967568	0.0793994	0.0533934	0.032732700000000003	0.104264	0.017958	0.0574174	0.0240841	0.0712913	0.0498498	0.04	0.0286486	0.137057	0.0805405	0.075015	Healthy
0.0460132	0.0994499	0.0795892	0.0496763	0.0317261	0.111315	0.0170131	0.0551404	0.0240593	0.0790415	0.0516843	0.0358151	0.0252032	0.146863	0.0772648	0.0701455	Healthy
0.0502604	0.0959792	0.0784789	0.0531065	0.031549	0.106395	0.0194986	0.0555286	0.0233136	0.0755117	0.0518348	0.0354245	0.0255541	0.141395	0.0802955	0.075875	Healthy
0.0488274	0.0975965	0.080154	0.052386	0.0343601	0.101913	0.0161591	0.0588613	0.0251429	0.0709369	0.0526776	0.0376269	0.027068	0.136448	0.0823708	0.0774705	Healthy
0.0483371	0.102869	0.0718944	0.0582002	0.0322791	0.101973	0.0171992	0.0566515	0.0230681	0.0743397	0.0480111	0.0390447	0.0307304	0.145582	0.0700196	0.0798011	Breast_Cancer
0.0466602	0.100033	0.0790416	0.0559352	0.0318526	0.110365	0.0168009	0.0572777	0.0213571	0.0780653	0.0509723	0.0408429	0.0269303	0.142055	0.0721666	0.0696445	Ovarian_Cancer
0.0416941	0.0866404	0.0798071	0.0517065	0.0335453	0.108675	0.0238252	0.0719141	0.0250311	0.0788204	0.0623767	0.0435577	0.024409899999999998	0.122049	0.0749836	0.070964	Colorectal_Cancer
0.0464666	0.0978426	0.0884387	0.044081	0.0295257	0.10538	0.0193957	0.0517218	0.0231642	0.078689	0.0555594	0.0330521	0.02593	0.14624500000000001	0.0848085	0.0696999	Healthy
0.0501095	0.0960888	0.0711584	0.0566779	0.0342854	0.112709	0.0163217	0.0594646	0.0261246	0.0795681	0.0478702	0.0370223	0.0287122	0.137739	0.0732982	0.0728503	Breast_Cancer
0.0464528	0.101968	0.0805372	0.0474733	0.02739	0.111274	0.0173892	0.0542085	0.0224508	0.0814352	0.0496775	0.0351457	0.0253082	0.15038	0.0767001	0.07221	Healthy
0.0505891	0.0971175	0.08209	0.0535269	0.0309779	0.106316	0.0159658	0.0524964	0.0228874	0.0750915	0.051635	0.0361307	0.02864	0.145261	0.0781985	0.0730766	Healthy
0.0501529	0.0984709	0.0796636	0.0520387	0.030581	0.10632	0.0153415	0.0570336	0.0235474	0.0792559	0.0512742	0.0366972	0.0297655	0.13945	0.0754332	0.0749745	Breast_Cancer
0.0485522	0.0926787	0.0831708	0.0496399	0.0321994	0.104512	0.0200285	0.0547221	0.0232353	0.071225	0.0551534	0.0363439	0.028805	0.142769	0.0835646	0.0734003	Healthy
0.0482177	0.097748	0.0794418	0.0540895	0.0296353	0.098646	0.0163028	0.0565764	0.0222437	0.0754352	0.0483559	0.037234	0.0308096	0.151147	0.0761951	0.0779221	Pancreatic_Cancer
0.0472973	0.0975475	0.0738739	0.0529029	0.0314815	0.103904	0.0164665	0.0557558	0.0242743	0.0755255	0.0538539	0.0372873	0.0291792	0.14995	0.0760761	0.0746246	Healthy
0.047948	0.0946355	0.088434	0.0492084	0.0298477	0.107795	0.0175456	0.0539982	0.0218312	0.0746193	0.0580317	0.035545	0.0251084	0.139256	0.0884844	0.067712	Pancreatic_Cancer
0.0474188	0.0978743	0.0790703	0.0546601	0.0321965	0.108775	0.0183368	0.0596045	0.024488	0.0734641	0.0505334	0.0391264	0.0277583	0.134509	0.0781359	0.0740481	Healthy
0.0534928	0.0972263	0.0783681	0.0538597	0.0296448	0.103317	0.0165835	0.0537129	0.0224538	0.0697094	0.0507778	0.0342677	0.0273701	0.147344	0.0802025	0.0816701	Healthy
0.0467006	0.0973576	0.0796241	0.0525646	0.032429	0.106048	0.0182281	0.0590646	0.0246573	0.072559	0.0520701	0.0412604	0.0264943	0.138618	0.0726296	0.0796948	Healthy
0.0512821	0.0985155	0.0793154	0.0553306	0.0327567	0.107471	0.0152742	0.0502392	0.0233714	0.0756349	0.0504846	0.0382775	0.0274813	0.14397	0.0763097	0.0742854	Lung_Cancer
0.046532	0.0998997	0.0758184	0.0492914	0.0348677	0.102784	0.0181237	0.053932	0.0246457	0.073937	0.0528032	0.0345541	0.0316694	0.143735	0.0824031	0.0750031	Lung_Cancer
0.0499841	0.0955181	0.0861411	0.0553878	0.0309917	0.0988557	0.0162111	0.0521297	0.0259059	0.0739828	0.0495868	0.0371901	0.0295613	0.139383	0.0768436	0.0823268	Healthy
0.051388	0.0967721	0.0821175	0.0550678	0.0335055	0.0963848	0.0171078	0.0584893	0.0231117	0.0697224	0.0522272	0.0372498	0.0310523	0.143254	0.079277	0.0732731	Healthy
0.0457417	0.100778	0.0813388	0.0544891	0.0324383	0.10667	0.0159762	0.0549143	0.0247844	0.0731989	0.0550966	0.0360224	0.0292188	0.132912	0.0825538	0.0738671	Pancreatic_Cancer
0.0452424	0.0994165	0.0833034	0.0551616	0.0309695	0.109785	0.0169659	0.0613106	0.0219479	0.0760323	0.048833	0.0389587	0.0235189	0.136086	0.0785458	0.0739228	Bile_Duct_Cancer
0.0453656	0.0921292	0.0865371	0.0506081	0.0320844	0.100727	0.0180344	0.0536838	0.0245352	0.0697609	0.0562002	0.0362086	0.0294981	0.143227	0.0836712	0.0777296	Healthy
0.0518347	0.102387	0.0803906	0.0543007	0.0310712	0.104705	0.01667	0.0508483	0.0215526	0.0776287	0.0474946	0.0358059	0.0283587	0.14707	0.0752614	0.0746202	Ovarian_Cancer
0.0522161	0.100259	0.0821022	0.0554302	0.0301116	0.101218	0.0159017	0.0531747	0.0248675	0.0763505	0.0515394	0.037555	0.0269539	0.139957	0.0768016	0.0755611	Ovarian_Cancer
0.0468021	0.0956862	0.080488	0.0465939	0.0336859	0.111842	0.0204863	0.0537142	0.0246919	0.0796969	0.0571702	0.0366422	0.0271902	0.13949	0.075533	0.0702865	Pancreatic_Cancer
0.0479084	0.0965259	0.0868024	0.0508964	0.0280057	0.110301	0.016611	0.055353	0.0228907	0.0771802	0.0541882	0.0368176	0.0249164	0.141801	0.0792059	0.0705966	Lung_Cancer
0.0476807	0.0956699	0.0829632	0.0522453	0.0299778	0.097397	0.0175179	0.0571799	0.0230693	0.0746978	0.0523069	0.0403405	0.026832	0.146065	0.0789539	0.0771034	Healthy
0.0490918	0.101824	0.0765346	0.0510883	0.0337848	0.11353	0.0177733	0.0522628	0.0238412	0.0822894	0.0501879	0.0364861	0.0281084	0.141051	0.0723458	0.0698011	Breast_Cancer
0.0473433	0.094492	0.0760023	0.0581452	0.0309946	0.115998	0.0181977	0.0638867	0.0271993	0.0789218	0.0547392	0.0458836	0.0246691	0.123881	0.0712826	0.0683632	Bile_Duct_Cancer
0.0503893	0.0980591	0.0796097	0.0541751	0.0320998	0.106377	0.0175429	0.0586008	0.0239949	0.0739042	0.0480964	0.0351392	0.0264477	0.141463	0.0753439	0.0787565	Healthy
0.047952	0.090678	0.0816384	0.0528249	0.0338277	0.100565	0.0175847	0.0553672	0.0212571	0.069209	0.0518362	0.0411017	0.0313559	0.142585	0.0808616	0.0813559	Healthy
0.0496286	0.0916137	0.0861234	0.0493056	0.0326192	0.106954	0.0191086	0.0523199	0.0229303	0.0753041	0.0558725	0.0357412	0.0294434	0.137367	0.0828937	0.0727742	Colorectal_Cancer
0.0497284	0.100297	0.0793456	0.054061	0.0313632	0.108445	0.0150026	0.058329	0.0259959	0.0765003	0.0554837	0.0372478	0.0269659	0.133019	0.0764356	0.0717796	Pancreatic_Cancer
0.0451363	0.100147	0.0683493	0.0570007	0.0337878	0.132977	0.0156595	0.066028	0.0237288	0.0888357	0.0494842	0.044252	0.021776	0.125718	0.062196	0.0649226	Breast_Cancer
0.0418058	0.096712	0.0878179	0.0449525	0.0287375	0.109845	0.0201965	0.0508284	0.0220588	0.0809145	0.0568328	0.0346134	0.0236322	0.145004	0.086662	0.0693874	Ovarian_Cancer
0.0480113	0.100846	0.0811041	0.0467964	0.0288286	0.112156	0.0168501	0.050854	0.0219161	0.0802415	0.0499915	0.0338582	0.0272129	0.152684	0.0777753	0.0708749	Healthy
0.0500463	0.0990114	0.0759654	0.0539079	0.0331789	0.109021	0.0173926	0.0575224	0.0240655	0.076583300000000007	0.0503553	0.0396664	0.026815	0.137689	0.0741118	0.0746679	Pancreatic_Cancer
0.0527707	0.102403	0.0753159	0.054381	0.0320836	0.111983	0.015154	0.0557024	0.0234949	0.0794037	0.047155	0.0380296	0.0277067	0.136758	0.0731274	0.0745313	Breast_Cancer
0.0442827	0.100033	0.0774236	0.0429001	0.0345641	0.115769	0.0192339	0.0489183	0.0245608	0.0791314	0.0479831	0.0333848	0.0288712	0.155335	0.0775049	0.0701041	Healthy
0.0481922	0.0976281	0.079284	0.0552989	0.0322466	0.111397	0.0172781	0.0586302	0.024829	0.0780847	0.0505463	0.0426846	0.0267833	0.134716	0.0725771	0.0698232	Breast_Cancer
0.051112200000000003	0.107877	0.0745108	0.05251	0.0330619	0.112252	0.0139176	0.0497144	0.0226693	0.0767595	0.0427859	0.0365868	0.0300839	0.151088	0.0742677	0.0708035	Gastric_cancer
0.0490094	0.0988252	0.0806842	0.0530408	0.0309261	0.107349	0.0177378	0.0575904	0.0218844	0.0768256	0.0492974	0.0388735	0.0263188	0.145243	0.0750403	0.0713545	Healthy
0.0499745	0.0964401	0.0824325	0.047173	0.0307035	0.104533	0.0196106	0.0514177	0.0235441	0.0747071	0.0549267	0.0378063	0.0283264	0.143698	0.0846681	0.0700379	Healthy
0.0479898	0.0950926	0.0789318	0.0558731	0.0306464	0.102483	0.0172448	0.0561687	0.0234529	0.0768624	0.0504533	0.0387268	0.0284785	0.141013	0.0774537	0.0791289	Bile_Duct_Cancer
0.049373	0.096395	0.0864919	0.0568538	0.0300655	0.103448	0.0168139	0.0562838	0.023511	0.0701767	0.0513679	0.0338416	0.0287831	0.136506	0.0810772	0.0790111	Healthy
0.0469334	0.0943032	0.0822737	0.057654	0.0282972	0.102157	0.0155198	0.0557841	0.0219397	0.0769758	0.0507978	0.0364622	0.0239342	0.142483	0.083271	0.0812142	Healthy
0.0533256	0.0915991	0.0837514	0.0546764	0.0315194	0.101377	0.0171105	0.053004	0.0208414	0.0721729	0.0492731	0.039367	0.0289464	0.141901	0.0784768	0.0826579	Healthy
0.0487795	0.0975978	0.0807052	0.0457962	0.0340953	0.108989	0.0181713	0.0487021	0.0246029	0.0795816	0.0532352	0.0329717	0.0314219	0.147346	0.0801627	0.0678419	Healthy
0.0516533	0.0923286	0.075971	0.053184	0.0312281	0.105625	0.0172761	0.0563331	0.0244927	0.0701977	0.0506036	0.0384885	0.0315343	0.145644	0.0782453	0.0771956	Healthy
0.047194	0.0975986	0.0852061	0.0529729	0.0269038	0.102671	0.0183639	0.054835	0.0208681	0.0744831	0.0498266	0.03737	0.028188	0.146205	0.0815462	0.0757673	Breast_Cancer
0.0515793	0.0998986	0.0770067	0.0548392	0.0337583	0.0969284	0.0211533	0.0557085	0.0248479	0.0698348	0.0502753	0.0375978	0.0337583	0.13257	0.0814981	0.0787453	Healthy
0.0493803	0.100939	0.0812355	0.0508327	0.0333559	0.101181	0.0160728	0.0564485	0.0230442	0.0771689	0.048751	0.0397463	0.0292409	0.142816	0.0745062	0.0752808	Pancreatic_Cancer
0.0467	0.090573	0.0806241	0.0505056	0.0308253	0.108514	0.018593	0.060237	0.0228879	0.0772535	0.0546374	0.0372948	0.0272371	0.137273	0.0831793	0.0736653	Colorectal_Cancer
0.0448555	0.0937535	0.0793	0.0518884	0.0311219	0.114963	0.0202126	0.0625761	0.0244213	0.0842286	0.0558755	0.041699	0.023203	0.132241	0.0755344	0.0641267	Colorectal_Cancer
0.0438327	0.0952268	0.0840028	0.0473181	0.0288871	0.114308	0.0209712	0.0539934	0.0202032	0.0852434	0.0555293	0.0342037	0.0251654	0.14538	0.0795723	0.0661626	Colorectal_Cancer
0.0500924	0.0983369	0.0817054	0.0564282	0.032141	0.100383	0.0174894	0.0508184	0.0242212	0.0723337	0.0491024	0.0362328	0.029831	0.143413	0.0815734	0.0758976	Healthy
0.0512048	0.0987025	0.0785449	0.0557808	0.0300046	0.0992238	0.0171455	0.0560125	0.0225904	0.0744323	0.0499305	0.0367817	0.0286724	0.143304	0.0774444	0.0802247	Healthy
0.046888	0.0951591	0.0855694	0.0479945	0.0316275	0.108668	0.0205164	0.0519594	0.023006	0.0764408	0.0498386	0.030982	0.0285385	0.151083	0.0820655	0.0696634	Healthy
0.0508318	0.100162	0.0796557	0.0472505	0.0302103	0.105591	0.0172135	0.0525069	0.0226433	0.0718577	0.051756	0.0358711	0.0283618	0.151513	0.079829	0.0747458	Healthy
0.0517019	0.0991848	0.0831665	0.0494851	0.0335383	0.0968965	0.0162328	0.0527746	0.0259582	0.0711527	0.048627	0.0333238	0.0308924	0.148956	0.0775172	0.0805921	Healthy
0.0492801	0.0971691	0.0811713	0.0545837	0.033091	0.104942	0.017841	0.0561313	0.0225534	0.0724247	0.0505843	0.0393163	0.028396	0.139737	0.0772066	0.0755721	Healthy
0.0483422	0.0944385	0.0758289	0.055508	0.0339037	0.107701	0.0190374	0.0550802	0.0252406	0.0745455	0.0535829	0.0343316	0.0303743	0.142246	0.0728342	0.0770053	Healthy
0.0467112	0.0992397	0.081903	0.0484967	0.0316784	0.111278	0.019295	0.0546596	0.0236148	0.0760857	0.0495335	0.03859	0.0259187	0.143647	0.0798871	0.069462	Healthy
0.0469608	0.0927018	0.0795893	0.0473674	0.0381683	0.10434	0.0205326	0.052348	0.0268855	0.0733381	0.0540252	0.0334418	0.0307481	0.140069	0.0860947	0.073388900000000007	Gastric_cancer
0.0510471	0.0992341	0.074171	0.0514834	0.0322862	0.111402	0.018567	0.0525015	0.0224452	0.0765949	0.0511441	0.038249	0.0279717	0.142234	0.0744134	0.0762556	Breast_Cancer
0.0506826	0.0981731	0.0750417	0.052598	0.0321678	0.107602	0.0169433	0.0578529	0.0248011	0.075582	0.0505844	0.0372753	0.0275022	0.145516	0.0688537	0.0788233	Healthy
0.047825	0.0950691	0.0749968	0.0545372	0.0334968	0.104105	0.0163289	0.0577643	0.0235575	0.0742223	0.0491158	0.0427262	0.0310443	0.146702	0.0733832	0.0751259	Lung_Cancer
0.0492699	0.0934972	0.0843051	0.0548377	0.0296775	0.105526	0.0180166	0.0543124	0.0241097	0.0718038	0.0510558	0.0369787	0.0277865	0.141086	0.0822565	0.0754806	Ovarian_Cancer
0.0325982	0.0953242	0.0552543	0.0604965	0.0282598	0.108038	0.0152446	0.0568812	0.0213304	0.0739335	0.0472403	0.0429019	0.0285611	0.160581	0.0836346	0.0897204	Gastric_cancer
0.0466287	0.0975796	0.0840537	0.0452558	0.0326452	0.103427	0.0182549	0.0513577	0.0221702	0.077545	0.0504932	0.0365097	0.0280687	0.151988	0.0803926	0.0736296	Ovarian_Cancer
0.0497189	0.0984276	0.0830771	0.0524859	0.0319088	0.106268	0.0159654	0.0542208	0.0229708	0.0781579	0.0505973	0.0369378	0.0274288	0.140065	0.0776968	0.0740733	Healthy
0.0496775	0.0956207	0.0686885	0.0534684	0.0397759	0.104617	0.0187847	0.0532421	0.0289691	0.0700464	0.0523368	0.0344574	0.0352495	0.141734	0.0782505	0.075082	Gastric_cancer
0.0505131	0.0977609	0.0803679	0.0557777	0.0303878	0.105291	0.0160602	0.0611089	0.023324	0.0745035	0.0530454	0.0368519	0.025923	0.135079	0.0777689	0.0762362	Bile_Duct_Cancer
0.0475286	0.1031	0.0786967	0.048219	0.0305467	0.11373	0.0163261	0.0527751	0.0219522	0.0841502	0.048219	0.0341364	0.0273367	0.15194	0.0707925	0.0705509	Healthy
0.0446429	0.0993717	0.0816799	0.0603505	0.0289352	0.106481	0.0180225	0.0618386	0.0214947	0.0724206	0.0545635	0.0391865	0.0251323	0.132771	0.073578	0.0795304	Lung_Cancer
0.0467359	0.0912463	0.092518	0.0490674	0.0260704	0.10142	0.0188639	0.0492794	0.0208775	0.0721704	0.0584994	0.0395295	0.0274481	0.143811	0.0861594	0.0763035	Lung_Cancer
0.0447154	0.101449	0.0862937	0.0468805	0.0267762	0.109756	0.0193973	0.0506805	0.0203252	0.0804613	0.0556734	0.034818	0.0247437	0.147225	0.081831	0.0689731	Colorectal_Cancer
0.0488961	0.0937305	0.0856592	0.0502499	0.0306707	0.103676	0.0214539	0.0521766	0.022235	0.0742033	0.0550406	0.0350448	0.0289523	0.140335	0.0827953	0.0748802	Healthy
0.0472297	0.0965904	0.0768026	0.0519701	0.0317039	0.112725	0.0183526	0.0535357	0.023093	0.0814995	0.0554058	0.0362268	0.027181	0.141472	0.0733235	0.0728886	Lung_Cancer
0.0504873	0.095822	0.081283	0.050008	0.0332721	0.106087	0.0164563	0.049289	0.0242451	0.0754114	0.0544416	0.0365474	0.0295574	0.143873	0.0818821	0.0713373	Lung_Cancer
0.0518418	0.0960927	0.0789102	0.0546075	0.0357773	0.103389	0.0190656	0.0537837	0.0251265	0.0750853	0.0532541	0.0360127	0.0297164	0.137343	0.0782041	0.07179	Healthy
0.0505595	0.0973753	0.0815781	0.0518759	0.0288794	0.109799	0.016003	0.0502304	0.0242307	0.0792743	0.0542208	0.0364078	0.0253415	0.146495	0.0752016	0.0725276	Breast_Cancer
0.0381237	0.089936	0.0679318	0.0471642	0.0518124	0.124606	0.023113	0.0601279	0.0310874	0.0811087	0.0599147	0.0391471	0.0284861	0.124307	0.0744563	0.058678	Lung_Cancer
0.0494204	0.101243	0.0792868	0.0498512	0.0299838	0.107822	0.0164865	0.052971	0.0223606	0.0774593	0.048833	0.0341087	0.0286524	0.15176	0.0767935	0.0729689	Healthy
0.0510271	0.098386	0.0780486	0.0473997	0.029956	0.109757	0.0160988	0.0514754	0.0211933	0.0785784	0.0498859	0.0352136	0.0273883	0.154834	0.0756847	0.0750734	Healthy
0.0443051	0.103396	0.0756602	0.0518507	0.0301825	0.107882	0.0170287	0.0564393	0.0234526	0.0799429	0.047721	0.0390028	0.0241154	0.148924	0.076374	0.0737229	Pancreatic_Cancer
0.0478682	0.0913949	0.0828231	0.0507069	0.0328955	0.10865	0.0180341	0.0606702	0.0258822	0.0758655	0.0583881	0.0376823	0.0264945	0.135812	0.0764778	0.0703551	Lung_Cancer
0.0479778	0.0992874	0.0788969	0.0491862	0.0319053	0.11209	0.0170499	0.0538595	0.0229849	0.0791634	0.0511763	0.0358945	0.0267965	0.146146	0.0765069	0.0710783	Healthy
0.0445433	0.090317	0.08033	0.0524678	0.0281155	0.108518	0.0177667	0.0554711	0.0217108	0.0833695	0.0520336	0.0371617	0.0269576	0.144883	0.0809451	0.0754089	Healthy
0.0441191	0.097799	0.0853003	0.0455632	0.0290808	0.119012	0.0192212	0.0525844	0.0221591	0.0831093	0.0597052	0.0351061	0.0227567	0.14137	0.0764366	0.0666766	Colorectal_Cancer
0.0444615	0.0955099	0.0824459	0.0489626	0.0329894	0.10281	0.0212427	0.0516522	0.0252498	0.0745417	0.0543419	0.0354594	0.0262927	0.145461	0.0834889	0.0750906	Healthy
0.0468987	0.09435	0.0869595	0.0529079	0.0319796	0.0958005	0.0197541	0.05498	0.0237602	0.0684487	0.0544965	0.0376433	0.0289405	0.137519	0.0858544	0.0797071	Healthy
0.0449877	0.0979951	0.0755892	0.0496307	0.0338023	0.112065	0.0163208	0.0510728	0.0245515	0.0792824	0.0537812	0.0359128	0.0281745	0.15051	0.0759761	0.0703482	Healthy
0.0457791	0.0862025	0.0683499	0.0524101	0.0396583	0.100931	0.0167049	0.0485845	0.0246748	0.0764473	0.0540041	0.037618	0.0358327	0.145052	0.0904106	0.07734	Gastric_cancer
0.0473028	0.0991238	0.0795569	0.0491283	0.0306795	0.113305	0.0168287	0.0539773	0.0220884	0.0806065	0.0507941	0.0365211	0.0250434	0.146792	0.0743314	0.0739207	Healthy
0.0496261	0.0981669	0.080439	0.0530029	0.0338881	0.104679	0.017547	0.0542692	0.023999	0.0753739	0.053425	0.0372648	0.0281597	0.14104	0.0820671	0.0670526	Healthy
0.0431773	0.0965359	0.0768562	0.0534207	0.0326856	0.126862	0.0177241	0.0607462	0.0253601	0.0860752	0.0539483	0.0414701	0.0212317	0.127204	0.0719829	0.0647194	Colorectal_Cancer
0.0474992	0.0973634	0.0846332	0.052229	0.0352219	0.102898	0.0176109	0.0545436	0.0250579	0.0758277	0.0543424	0.034869699999999997	0.0273221	0.134246	0.0827211	0.0736138	Pancreatic_Cancer
0.0458744	0.103487	0.0751616	0.0476832	0.0320967	0.110029	0.017049	0.0534175	0.0240917	0.0778171	0.0460283	0.0356758	0.0272475	0.154172	0.0751616	0.0750077	Healthy
0.0441864	0.0970516	0.069232	0.0603947	0.0347151	0.121661	0.0157724	0.0673694	0.0261156	0.0855592	0.050646	0.0457319	0.0223508	0.129944	0.0609099	0.0683601	Lung_Cancer
0.0450652	0.0980333	0.0805985	0.0561052	0.0308277	0.100989	0.0158663	0.0578547	0.0252172	0.0747466	0.0465734	0.0383687	0.0272683	0.148166	0.0792109	0.0751086	Healthy
0.0244405	0.0595406	0.0444052	0.0339812	0.0920495	0.126207	0.0392815	0.0374558	0.0453475	0.0592462	0.0873969	0.0243816	0.0561837	0.105241	0.125795	0.0390459	Gastric_cancer
0.0507593	0.094541	0.0789438	0.0490491	0.0334519	0.0999453	0.0193597	0.0515118	0.0246272	0.0724449	0.0526748	0.0374196	0.0313996	0.140785	0.0846217	0.0784649	Healthy
0.0491823	0.0959849	0.075177	0.0485721	0.0339273	0.111423	0.018062	0.0554064	0.0237369	0.078411	0.0478399	0.0381377	0.0305711	0.146449	0.0715768	0.0755431	Breast_Cancer
0.0506747	0.0993963	0.0824219	0.0491122	0.0322443	0.109233	0.0173651	0.0512784	0.0231889	0.0754972	0.053125	0.0341974	0.0272372	0.146413	0.0774858	0.0711293	Healthy
0.04814	0.0946389	0.0890591	0.0462801	0.028884	0.1	0.0191466	0.0554705	0.0246171	0.0675055	0.0598468	0.0380744	0.0293217	0.142998	0.0820569	0.0739606	Lung_Cancer
0.0335452	0.0946328	0.0544962	0.0579096	0.0396657	0.11835	0.0187735	0.0586747	0.0220104	0.072799	0.0514948	0.0391361	0.0304849	0.150365	0.0788018	0.0788606	Gastric_cancer
0.0464419	0.0997104	0.0821266	0.0461316	0.0309785	0.109019	0.0178424	0.0517687	0.0223935	0.0739036	0.0540443	0.0363053	0.0283926	0.146359	0.0824886	0.0720935	Healthy
0.0457811	0.102897	0.077342	0.0501384	0.0284991	0.113408	0.0174292	0.0560561	0.0226108	0.0816405	0.0479597	0.0358888	0.0249367	0.145557	0.073868	0.0759878	Gastric_cancer
0.0504102	0.101455	0.0816206	0.0511292	0.0294342	0.102724	0.0184386	0.052567	0.0220756	0.0771801	0.0474922	0.0318024	0.0304068	0.150131	0.079506	0.0736277	Breast_Cancer
0.0483838	0.0899949	0.0781939	0.0516162	0.0353002	0.104515	0.0161621	0.0557722	0.0267317	0.0749615	0.0546947	0.0372499	0.0293997	0.137558	0.0866598	0.0728066	Bile_Duct_Cancer
0.0482018	0.096592	0.0811523	0.0555451	0.0333271	0.0964037	0.0180757	0.0576163	0.0262662	0.080305	0.0512145	0.0399172	0.0273018	0.134532	0.080305	0.0732442	Lung_Cancer
0.043134	0.0916781	0.0810053	0.0488885	0.0335432	0.11568	0.0233622	0.0583809	0.0252803	0.0843006	0.0604466	0.0401338	0.0223785	0.131714	0.0746114	0.0654633	Colorectal_Cancer
0.0455158	0.101905	0.0891773	0.0473281	0.026298	0.100472	0.0175742	0.0471595	0.0219993	0.0749747	0.0503624	0.0331254	0.0278574	0.158631	0.0828978	0.0747218	Ovarian_Cancer
0.0466556	0.0995627	0.0780365	0.0492424	0.0293176	0.112836	0.0168453	0.0504127	0.0221422	0.0780365	0.0464092	0.0355075	0.0290712	0.157428	0.0748645	0.0736327	Healthy
0.0465909	0.0961174	0.0848485	0.0479167	0.0291351	0.103535	0.021654	0.0528409	0.0223485	0.0730114	0.0541351	0.0356692	0.0276515	0.14596	0.0830492	0.0755366	Healthy
0.0505831	0.102739	0.0727297	0.0508452	0.0347268	0.106343	0.0163806	0.0553663	0.023457	0.0796095	0.0471105	0.0353165	0.0285677	0.146049	0.0727952	0.0773817	Breast_Cancer
0.0495873	0.0953508	0.0850935	0.0505584	0.0324108	0.0963826	0.0176014	0.0546249	0.0223962	0.0706482	0.0509226	0.037327	0.0308327	0.142874	0.0844865	0.0789026	Healthy
0.0464586	0.0998083	0.0804126	0.0496532	0.033452	0.112176	0.0185287	0.0577766	0.0234118	0.0761227	0.0517525	0.0378788	0.024644	0.143027	0.0748448	0.0700529	Healthy
0.0478211	0.0896884	0.0813276	0.0542184	0.0331898	0.10489	0.0192551	0.0576387	0.0251457	0.0762605	0.0568153	0.0368634	0.0243223	0.136179	0.0807575	0.0756271	Healthy
0.0496207	0.0967993	0.0789774	0.0527382	0.0296165	0.101268	0.0182376	0.0549725	0.0229139	0.0766393	0.0501403	0.0354879	0.030292	0.147511	0.0766913	0.0780941	Healthy
0.0530533	0.0997172	0.08212	0.0503823	0.0325757	0.0993506	0.0155546	0.0549911	0.0225725	0.0721169	0.0456164	0.0352467	0.0306903	0.148371	0.0812821	0.0763591	Healthy
0.0365915	0.0690476	0.0552632	0.0451128	0.0946742	0.12005	0.0274436	0.0820802	0.0373434	0.0650376	0.0596491	0.0345238	0.037406	0.104574	0.0707393	0.0604637	Breast_Cancer
0.0501851	0.102463	0.081093	0.0482936	0.030103	0.107896	0.0184321	0.0522778	0.0208065	0.0753783	0.0528413	0.035858	0.0265615	0.145927	0.0789198	0.0729636	Breast_Cancer
0.0477369	0.0994077	0.0789427	0.0536156	0.0295262	0.112933	0.0153377	0.0546322	0.0227634	0.0833628	0.0468529	0.0351397	0.0256365	0.147366	0.074611	0.0721358	Pancreatic_Cancer
0.0459232	0.0978067	0.0818781	0.0506467	0.0304118	0.10247	0.0194302	0.054342	0.0229616	0.0747407	0.0544761	0.0376833	0.027849	0.143581	0.0807605	0.0750387	Healthy
0.0472279	0.0943275	0.0816222	0.0564682	0.0314425	0.101643	0.0188655	0.0562115	0.023229	0.0698152	0.049538	0.0409394	0.0264374	0.136679	0.0821355	0.0834189	Lung_Cancer
0.0229074	0.0894065	0.0644694	0.0475546	0.0311231	0.101488	0.0202977	0.047458	0.0271603	0.0832206	0.070752	0.0404987	0.0290934	0.128842	0.137058	0.05867	Gastric_cancer
0.0478919	0.0998237	0.0841413	0.0514544	0.0325768	0.110658	0.0192082	0.0535845	0.022183	0.0780079	0.0542824	0.0363596	0.0268474	0.137946	0.0767225	0.068312	Ovarian_Cancer
0.0461873	0.10268	0.0745868	0.0517992	0.0315285	0.107884	0.0155432	0.0591456	0.0233998	0.0795524	0.0516291	0.0357799	0.0244201	0.145092	0.0734644	0.0773077	Healthy
0.0505712	0.0929925	0.081499	0.0488298	0.0312761	0.0976595	0.0184592	0.0524519	0.0231959	0.0702842	0.0523823	0.0392867	0.0312761	0.151017	0.0828225	0.0759961	Healthy
0.0479303	0.0983115	0.0791394	0.053976	0.0316449	0.105174	0.0166122	0.0506536	0.022658	0.0744009	0.0496732	0.0403595	0.0289216	0.143464	0.0778322	0.0792484	Bile_Duct_Cancer
0.048724	0.102593	0.075993	0.0495472	0.0291727	0.106452	0.0168759	0.0496501	0.0189854	0.0764561	0.0475921	0.0370447	0.0298415	0.158572	0.0740893	0.0784112	Breast_Cancer
0.0511293	0.0954517	0.0826114	0.0529858	0.0266089	0.105043	0.0174814	0.0539913	0.0217358	0.0753403	0.0507426	0.0374381	0.0307859	0.147819	0.0745668	0.0762686	Lung_Cancer
0.0494109	0.0956861	0.0852338	0.049791	0.0293139	0.108609	0.0187666	0.0537343	0.0227575	0.0765868	0.0513588	0.0359179	0.0289339	0.144242	0.0759692	0.0736887	Breast_Cancer
0.0486926	0.0988653	0.0820918	0.0512087	0.0296497	0.104095	0.0180562	0.0540207	0.022151	0.0767637	0.0544647	0.0344845	0.0269857	0.148249	0.077257	0.072965	Ovarian_Cancer
0.0533803	0.10118	0.0777148	0.0489891	0.0326137	0.108224	0.0172903	0.0529686	0.0243802	0.0744671	0.0471137	0.0363645	0.0301436	0.147288	0.0740554	0.0738267	Healthy
0.0465022	0.0932644	0.0811045	0.0467911	0.0345445	0.106406	0.0200451	0.0515279	0.0237421	0.0741436	0.0558604	0.0320894	0.0294033	0.151551	0.0806135	0.0724106	Healthy
0.0507327	0.0975244	0.0794849	0.0557837	0.0310835	0.102631	0.0158748	0.0546736	0.0223135	0.0733237	0.0470138	0.0397425	0.0306949	0.145038	0.0730462	0.0810391	Bile_Duct_Cancer
0.050892	0.0994624	0.074719	0.0580401	0.0331745	0.102761	0.016129	0.0565738	0.0208333	0.0769184	0.0461266	0.036718	0.027737	0.143328	0.0783847	0.0782014	Healthy
0.046545	0.0955346	0.0798566	0.0486962	0.0320078	0.109778	0.0187744	0.052249	0.0220991	0.0766297	0.0520535	0.0351695	0.0270535	0.151597	0.0791069	0.0728488	Healthy
0.0480707	0.0969453	0.0830386	0.0534566	0.033119	0.098955	0.0168006	0.0619775	0.0213023	0.0709807	0.0516881	0.0385048	0.0296624	0.138183	0.0815113	0.0758039	Healthy
0.0465697	0.0978575	0.0790409	0.0512877	0.0315275	0.106849	0.0185391	0.058448	0.0231461	0.079929	0.0509547	0.0375777	0.0244782	0.139099	0.0765431	0.0781528	Healthy
0.0510326	0.0934783	0.08375	0.0507065	0.0315761	0.105707	0.0168478	0.0561413	0.0254348	0.0740761	0.051087	0.0390217	0.0282065	0.139293	0.0782065	0.0754348	Ovarian_Cancer
0.0478281	0.0980129	0.0771257	0.0495841	0.0324861	0.105823	0.0201017	0.0552218	0.021488	0.0750924	0.0512939	0.0358595	0.0301294	0.146118	0.077634	0.0762015	Healthy
0.0523845	0.0967003	0.0824935	0.0531067	0.0312706	0.104753	0.0163731	0.0540014	0.023296	0.0693228	0.0500141	0.0358544	0.029638	0.14447	0.079401	0.0769207	Healthy
0.04805	0.0929472	0.0896777	0.0512027	0.0306516	0.102697	0.01734	0.055348	0.022653	0.0748482	0.0513779	0.0355558	0.0253386	0.143975	0.0827884	0.0755488	Healthy
0.0529276	0.0986717	0.071903	0.0539442	0.0355787	0.106126	0.0166712	0.0502846	0.0234481	0.0762402	0.0496069	0.0357143	0.0359176	0.147669	0.0737327	0.0715641	Gastric_cancer
0.0472556	0.0988608	0.0786896	0.0533409	0.0312244	0.108168	0.0174178	0.0550568	0.0221863	0.0756469	0.0484428	0.0371301	0.0277329	0.145039	0.0763652	0.0774426	Healthy
0.0444492	0.0830479	0.0716324	0.0521547	0.0372432	0.113014	0.0237229	0.0823345	0.0309289	0.0804438	0.0598602	0.046661	0.0250071	0.111087	0.0664241	0.0719892	Colorectal_Cancer
0.0468842	0.0918951	0.0816407	0.049645	0.0348058	0.109199	0.020213	0.0587162	0.0243542	0.0788306	0.0600473	0.0393907	0.0248472	0.135033	0.0741964	0.0703017	Ovarian_Cancer
0.0488375	0.0980322	0.0725419	0.0522795	0.0331537	0.104916	0.0158462	0.0549747	0.0215288	0.0758865	0.0491622	0.0385115	0.0292246	0.150247	0.0763086	0.0785492	Healthy
0.0374396	0.0996089	0.0542903	0.0607315	0.0283529	0.117495	0.0147228	0.0619393	0.0208765	0.0782149	0.0404302	0.0416954	0.0246722	0.154072	0.0706234	0.0948355	Gastric_cancer
0.0494046	0.0959766	0.0727866	0.0529576	0.0318321	0.10966	0.0180526	0.0555022	0.0270309	0.0835414	0.0515172	0.0405704	0.0275591	0.135587	0.0736509	0.074371	Bile_Duct_Cancer
0.0538598	0.103793	0.0768262	0.0533412	0.0317084	0.110016	0.0187435	0.0528967	0.023485	0.078382	0.0476367	0.0393392	0.0265224	0.135872	0.0733442	0.0742332	Breast_Cancer
0.0525854	0.0998463	0.0812383	0.0540125	0.0311231	0.108409	0.0163574	0.0513778	0.0224503	0.0740476	0.0480294	0.0361181	0.0296959	0.144527	0.0779998	0.0721814	Healthy
0.0459936	0.0977106	0.0767016	0.05158	0.032079	0.110905	0.019124	0.0609363	0.0222428	0.0782439	0.0508945	0.0390363	0.0273494	0.140962	0.0736857	0.0725547	Lung_Cancer
0.0437357	0.0963517	0.0876193	0.0501739	0.0329683	0.110079	0.0186857	0.0573522	0.0245319	0.0811071	0.0576482	0.0385925	0.025272	0.126397	0.079442	0.0700437	Pancreatic_Cancer
0.0492716	0.0918595	0.0877464	0.0507284	0.0344473	0.101285	0.0150814	0.0565553	0.022365	0.0723222	0.051671	0.0374464	0.0344473	0.141131	0.0770351	0.0766067	Healthy
0.0439934	0.092651	0.0759486	0.0489726	0.0392033	0.100592	0.0194126	0.056598999999999997	0.0257784	0.0719778	0.0560948	0.0371234	0.0301273	0.139355	0.08597	0.0762007	Healthy
0.0486158	0.0949816	0.0858448	0.0487522	0.0331379	0.100027	0.0178644	0.0554343	0.0225692	0.0709123	0.0548207	0.0355925	0.0305468	0.138824	0.0835265	0.078549	Healthy
0.0454578	0.0992097	0.0832621	0.0484836	0.0319308	0.103837	0.0182614	0.0549267	0.0244198	0.0798448	0.0540723	0.0379823	0.0268404	0.138438	0.0790973	0.0739356	Healthy
0.0522233	0.0949962	0.0815033	0.0528242	0.0307003	0.109582	0.0173714	0.0550639	0.0204305	0.0753851	0.0485633	0.0370917	0.0279143	0.144816	0.0777887	0.0737463	Healthy
0.0431034	0.0915948	0.0865148	0.0508005	0.0340209	0.0985222	0.0206281	0.0515702	0.02617	0.0689655	0.054803	0.03633	0.0281712	0.144704	0.0849754	0.0791256	Lung_Cancer
0.0474051	0.0972334	0.0878938	0.0495759	0.0305937	0.100313	0.0192851	0.0496769	0.0222132	0.0760804	0.0535137	0.0354402	0.0265044	0.142468	0.0874394	0.0743639	Healthy
0.0498805	0.101186	0.0851416	0.050754	0.0291467	0.0999448	0.0167801	0.048915	0.0225726	0.074384	0.0493288	0.0342038	0.0278135	0.151848	0.0822913	0.0758091	Healthy
0.0465511	0.0803602	0.0643901	0.0496092	0.0646449	0.112895	0.0220863	0.0566599	0.0323649	0.0652396	0.0521577	0.0360177	0.0428984	0.126826	0.0779817	0.069317	Breast_Cancer
0.0507603	0.103709	0.0746636	0.054261	0.034296	0.10524	0.0170113	0.0543704	0.0242315	0.0762499	0.0469861	0.0390001	0.0301389	0.141943	0.0735149	0.0736243	Breast_Cancer
0.046084	0.0950985	0.07909	0.0490146	0.034215	0.110521	0.0183896	0.0531907	0.0258261	0.0784673	0.0522016	0.0351674	0.0277676	0.145102	0.0770752	0.0727892	Healthy
0.0473603	0.095592	0.0841107	0.0520246	0.0309585	0.106048	0.0183496	0.0545874	0.0220912	0.0728344	0.0535623	0.0377242	0.0243977	0.141773	0.0819067	0.0766786	Healthy
0.0499922	0.0923651	0.0764267	0.0559011	0.03522	0.108381	0.0181931	0.0620432	0.0245685	0.0749495	0.05007	0.0384855	0.0278339	0.128674	0.0758824	0.0810138	Healthy
0.0471188	0.104367	0.0771309	0.0513956	0.0289616	0.108643	0.0162815	0.0510204	0.0220588	0.0792317	0.0471188	0.0372149	0.0291116	0.149835	0.0769058	0.0736044	Healthy
0.0458573	0.0975631	0.0786442	0.0519273	0.034825	0.11152	0.0189632	0.0533895	0.0235268	0.0798405	0.0483828	0.037173200000000003	0.0271156	0.142357	0.0780682	0.0708463	Breast_Cancer
0.0473806	0.0959214	0.0777262	0.050983	0.0352912	0.110636	0.0179509	0.0549518	0.0246062	0.0758945	0.0536696	0.0366956	0.0289413	0.142203	0.0746733	0.0724753	Healthy
0.0430421	0.0922792	0.0792418	0.0557559	0.0327323	0.111789	0.0198798	0.0583911	0.0231623	0.0737864	0.0536755	0.039251	0.0262136	0.133241	0.0833564	0.0742025	Bile_Duct_Cancer
0.0478182	0.0989148	0.0818449	0.0541488	0.0341962	0.101571	0.0183699	0.0542618	0.0242482	0.0713317	0.0521705	0.0362876	0.0302397	0.141476	0.0772666	0.0758535	Healthy
0.0485757	0.0967016	0.0796102	0.0536732	0.0333583	0.102324	0.0182909	0.0610195	0.0216642	0.0697901	0.0502999	0.0371814	0.0302099	0.135232	0.0801349	0.081934	Healthy
0.0512021	0.0946869	0.0913476	0.0480113	0.0314633	0.0998071	0.0182547	0.0526863	0.0247848	0.0724251	0.0549124	0.0376224	0.0304987	0.137504	0.0788068	0.0759869	Pancreatic_Cancer
0.0437798	0.0964889	0.0820113	0.0536628	0.0319029	0.108973	0.0199393	0.0563069	0.0225834	0.0776766	0.0554833	0.0380147	0.0251409	0.140702	0.0783268	0.0690074	Healthy
0.047766	0.0999902	0.0837253	0.047766	0.0299824	0.10729	0.0181756	0.0503135	0.0205761	0.0787282	0.0511464	0.0351754	0.0274348	0.151186	0.0770135	0.0737311	Breast_Cancer
0.0492779	0.101417	0.0779428	0.0491144	0.030558600000000002	0.106921	0.0162807	0.051921	0.0213488	0.0759673	0.0480654	0.0358719	0.0292643	0.155913	0.0764033	0.073733	Healthy
0.0506062	0.0974697	0.0731154	0.054718	0.0341592	0.106378	0.0167106	0.0548761	0.0246178	0.0717976	0.0429626	0.0374275	0.0301002	0.15145	0.0734844	0.0801265	Healthy
0.05368	0.0964946	0.080908	0.0532919	0.0340189	0.100246	0.0159746	0.0514164	0.0243177	0.0748933	0.0498642	0.0380287	0.0305911	0.139503	0.08052	0.0762515	Ovarian_Cancer
0.0491803	0.100601	0.075817	0.0504405	0.0311066	0.110456	0.0163288	0.053241	0.0221882	0.0792314	0.0491049	0.0358458	0.0281984	0.150008	0.0746968	0.0735551	Healthy
0.0517399	0.0932687	0.0857387	0.0523674	0.0313748	0.0995436	0.0174558	0.0541928	0.022761	0.0756988	0.0520251	0.0375357	0.0297775	0.143411	0.0808899	0.0722191	Healthy
0.0555314	0.0815572	0.105408	0.0332028	0.0432072	0.099391	0.0246484	0.03922	0.0266058	0.0635784	0.0662607	0.0245034	0.0385675	0.135131	0.112585	0.0506017	Healthy
0.0483845	0.101037	0.0834464	0.0496211	0.0300758	0.100838	0.0156761	0.0527722	0.0232549	0.0768648	0.0523335	0.0368568	0.0267252	0.149541	0.0792581	0.0733147	Healthy
0.0479858	0.097971	0.0817536	0.0465047	0.0313981	0.102488	0.0186611	0.0541321	0.0225859	0.0706457	0.0547245	0.0389514	0.0271031	0.148623	0.0819757	0.0744964	Healthy
0.0499547	0.0971307	0.0800056	0.0543882	0.036264	0.105014	0.0179213	0.0545287	0.0236973	0.0704674	0.0522964	0.0369353	0.029926	0.137563	0.0781011	0.0758063	Healthy
0.0484803	0.101445	0.0806677	0.054011	0.0289985	0.103737	0.0172397	0.0569507	0.0215745	0.0759841	0.0516193	0.0380169	0.0283009	0.142302	0.0753861	0.0752865	Ovarian_Cancer
0.052136	0.0989173	0.0780864	0.0537837	0.0329528	0.0996822	0.0157114	0.0571378	0.0241262	0.0745557	0.0483112	0.0386019	0.0288337	0.144522	0.0756149	0.0770272	Healthy
0.0479156	0.0987913	0.0700543	0.0524174	0.0371855	0.113962	0.0191786	0.052664	0.025407	0.0733226	0.0525407	0.0359521	0.0281204	0.140725	0.0794277	0.072336	Gastric_cancer
0.0469067	0.101198	0.0764452	0.0489668	0.0328347	0.110928	0.0158469	0.0489985	0.0232315	0.0805654	0.0515974	0.032391	0.0299189	0.153081	0.0774594	0.0696311	Healthy
0.051566	0.10287	0.0743022	0.0513694	0.0298781	0.109094	0.0166426	0.0541213	0.0233914	0.0777093	0.0497969	0.0390512	0.0302057	0.139693	0.0728607	0.0774473	Healthy
0.049886	0.0967912	0.0789497	0.0534368	0.0326583	0.106917	0.0163072	0.0538752	0.0218745	0.0807908	0.0473435	0.0346747	0.0284499	0.15185	0.0732071	0.0729879	Breast_Cancer
0.0463972	0.099836	0.0812675	0.0531494	0.0314942	0.106058	0.0171699	0.0580206	0.0229092	0.0738401	0.0496286	0.0374747	0.0248384	0.143822	0.0773609	0.0767339	Healthy
0.0415158	0.087859	0.0666787	0.0541274	0.0401279	0.111091	0.017077	0.0546102	0.025344	0.0722906	0.049119	0.036266	0.0316196	0.145426	0.0912986	0.0755491	Gastric_cancer
0.0493313	0.0998027	0.0782135	0.0506071	0.0301308	0.110272	0.0167032	0.0552127	0.0224126	0.0783945	0.049449	0.0359851	0.0261586	0.147406	0.0756981	0.0742232	Healthy
0.0438017	0.0971562	0.0781388	0.0515936	0.0334566	0.110407	0.0193696	0.0555115	0.022275	0.0775665	0.0539267	0.0374186	0.0258848	0.144216	0.0768621	0.0724159	Healthy
0.0482575	0.100159	0.0785294	0.0507334	0.0310661	0.10903500000000001	0.0174717	0.0552649	0.020555	0.0750257	0.0526955	0.0365318	0.0270485	0.143231	0.0778754	0.0765206	Lung_Cancer
0.0525941	0.100307	0.0790282	0.0540748	0.0299989	0.106614	0.017056	0.0573654	0.0224306	0.0773281	0.0475485	0.0381705	0.0274213	0.14122	0.0733246	0.0755183	Healthy
0.0441254	0.097471	0.0864726	0.0459036	0.0291096	0.112223	0.0219968	0.0528846	0.022392	0.0796891	0.0576923	0.0346417	0.0237092	0.145153	0.0794916	0.0670443	Colorectal_Cancer
0.0445513	0.0897825	0.0901485	0.0494143	0.0331521	0.100554	0.0199226	0.0545911	0.0236875	0.0728927	0.0558461	0.0348776	0.0313219	0.142857	0.0851809	0.0712194	Healthy
0.0480736	0.0943857	0.0869417	0.0506876	0.0289237	0.0995568	0.0166496	0.0549494	0.0231845	0.0768269	0.0526196	0.0377884	0.0271054	0.148199	0.0787589	0.0753495	Ovarian_Cancer
0.0489437	0.0991594	0.0844486	0.0522619	0.0313572	0.106459	0.0184714	0.0563544	0.0234487	0.0724477	0.0498286	0.0372746	0.0269329	0.140692	0.0772592	0.0746599	Healthy
0.0457252	0.0952647	0.0871244	0.0477719	0.0365615	0.114894	0.0191646	0.0522839	0.0247	0.0747511	0.0557726	0.0364685	0.0260955	0.133268	0.0797749	0.0703786	Colorectal_Cancer
0.0492464	0.0942867	0.0801496	0.048078	0.0329478	0.101531	0.0185185	0.0518752	0.0239514	0.0763524	0.0537446	0.0368034	0.0322468	0.141372	0.0818437	0.0770534	Healthy
0.0484284	0.0970241	0.077296	0.0529982	0.0320999	0.103321	0.0159942	0.0572336	0.0251337	0.0732835	0.0498217	0.0339947	0.0300936	0.148852	0.0782434	0.0761815	Healthy
0.0455375	0.100247	0.0781162	0.0461912	0.0329626	0.115914	0.0192567	0.0532257	0.0224627	0.080513	0.051908	0.0334191	0.027889	0.14759	0.0767363	0.0680314	Healthy
0.0493184	0.102346	0.0794407	0.0521752	0.0282177	0.110666	0.0158881	0.0478649	0.0213512	0.079992	0.0489174	0.0347835	0.0286187	0.150862	0.0724238	0.0771351	Healthy
0.0220073	0.066318	0.0461857	0.0327642	0.0865982	0.14137	0.0399684	0.0496891	0.0411033	0.0645416	0.0800849	0.0256094	0.0497385	0.109395	0.103474	0.0411527	Gastric_cancer
0.0458297	0.0944831	0.0820482	0.0528345	0.0302997	0.104854	0.0182993	0.0545178	0.0223175	0.0731972	0.0519114	0.0373045	0.0267159	0.146449	0.0782472	0.0806907	Healthy
0.0507686	0.0993412	0.0773156	0.0523188	0.0339103	0.102248	0.017698	0.0569694	0.0231882	0.0726004	0.0511562	0.0363648	0.0297119	0.13829	0.0762821	0.081837	Healthy
0.0493433	0.0974984	0.0775485	0.0502814	0.0321451	0.10344	0.0179487	0.0547842	0.0242026	0.0791119	0.0486554	0.0365228	0.0270169	0.150532	0.0818637	0.0691057	Healthy
0.0461255	0.0916123	0.0628016	0.0570536	0.0499574	0.103747	0.0191598	0.0607437	0.0288107	0.0727363	0.0472609	0.0417968	0.0378229	0.133906	0.0738007	0.0726653	Breast_Cancer
0.0531804	0.0954864	0.0788023	0.0544466	0.0343364	0.100477	0.0160137	0.0532549	0.0246537	0.0715031	0.050797	0.0391777	0.0312081	0.132802	0.082154	0.0817071	Healthy
0.0601725	0.0562276	0.119872	0.0122554	0.0578056	0.118241	0.0355565	0.0386072	0.0271934	0.043604	0.0758468	0.0103619	0.0552283	0.110509	0.143488	0.0350305	Bile_Duct_Cancer
0.0471232	0.0990558	0.079377	0.0505648	0.028724	0.111851	0.0182669	0.0518443	0.0240028	0.0798182	0.0491528	0.0386957	0.025856	0.14234	0.0794652	0.0738616	Lung_Cancer
0.0471276	0.0983832	0.081642	0.0586515	0.0319917	0.105607	0.0169705	0.0601422	0.0260865	0.0712648	0.0501089	0.0416237	0.0260291	0.130432	0.0731567	0.080782	Bile_Duct_Cancer
0.0489976	0.0955553	0.0841467	0.0478765	0.0326431	0.0983909	0.0177394	0.0534819	0.0251253	0.0729359	0.0532841	0.0372593	0.0314561	0.143234	0.080124	0.0777499	Healthy
0.0519217	0.0966395	0.081372	0.0510622	0.0319062	0.102063	0.0173141	0.0515943	0.0237199	0.0700749	0.0496296	0.0357538	0.0303508	0.146392	0.0832753	0.0769309	Healthy
0.0483307	0.0999388	0.0758609	0.045534	0.0353085	0.109727	0.0175232	0.0502098	0.022767	0.0794442	0.0483307	0.033211	0.0309823	0.153164	0.0770844	0.0725835	Breast_Cancer
0.0499753	0.100074	0.0851866	0.0500371	0.0308253	0.0966148	0.0163084	0.0512108	0.0240919	0.0710403	0.0516432	0.0357055	0.0320608	0.142945	0.0849395	0.0773412	Lung_Cancer
0.0395399	0.0896736	0.0564473	0.0544141	0.0329053	0.105939	0.0178705	0.0620118	0.0226859	0.0753344	0.0493312	0.040931	0.029481	0.153772	0.0826645	0.0869984	Gastric_cancer
0.0469441	0.0988986	0.0840029	0.0465379	0.0279859	0.105444	0.0174235	0.0492913	0.0213505	0.0812043	0.0486594	0.0326352	0.0287081	0.154464	0.0817008	0.0747495	Breast_Cancer
0.0492338	0.100516	0.0806403	0.0546199	0.0349719	0.104385	0.019117	0.0553027	0.0231376	0.0700956	0.0499924	0.0383098	0.033303	0.137308	0.0751024	0.0739645	Ovarian_Cancer
0.049023	0.0960574	0.0872385	0.0527408	0.031558	0.101159	0.0135743	0.0538648	0.0224797	0.0750476	0.0531731	0.0384748	0.0278402	0.141881	0.082829	0.073059	Lung_Cancer
0.0404633	0.0831718	0.0662312	0.0466374	0.0550056	0.111083	0.023931	0.0513318	0.0289315	0.0688846	0.0583223	0.0325543	0.0428105	0.136085	0.0864374	0.0681192	Gastric_cancer
0.0486076	0.100119	0.0726773	0.0496691	0.0293144	0.112232	0.0166396	0.0541646	0.0224775	0.0813249	0.0476399	0.0366821	0.0270355	0.153596	0.0742695	0.0735514	Healthy
0.0467368	0.0972577	0.0844309	0.0510615	0.0320425	0.107971	0.0184785	0.0542559	0.0221643	0.0771083	0.0528307	0.034598	0.0276194	0.144584	0.0780912	0.0707686	Healthy
0.0460783	0.0964617	0.0826719	0.0524015	0.0330284	0.105139	0.0193058	0.0503834	0.0222656	0.0749361	0.0488363	0.0363245	0.028656	0.150141	0.0766851	0.0766851	Healthy
0.0508137	0.100065	0.0781334	0.0538312	0.0283436	0.107824	0.0162194	0.0524302	0.023925	0.0789417	0.0503287	0.0373963	0.0267809	0.137892	0.0817437	0.0753314	Bile_Duct_Cancer
0.0486398	0.0980735	0.0784376	0.0554673	0.0336615	0.105272	0.0186303	0.0639886	0.0232349	0.0753149	0.04991	0.0384778	0.0250344	0.136075	0.0763735	0.0734095	Healthy
0.045999	0.0989595	0.0795344	0.0481323	0.0300546	0.107755	0.0177783	0.0552062	0.0212965	0.0823789	0.0495172	0.0377274	0.0257879	0.146268	0.0788981	0.0747062	Healthy
0.0472251	0.0995556	0.0788503	0.0518105	0.0346507	0.108443	0.0160726	0.0601305	0.0228326	0.0753522	0.0505342	0.0386688	0.026898	0.134443	0.0777631	0.0767704	Healthy
0.0489656	0.10206	0.0791625	0.0523857	0.032032	0.112029	0.0174758	0.0508008	0.0230647	0.0796213	0.0497164	0.0353687	0.0254004	0.146438	0.0745329	0.0709459	Healthy
0.0500061	0.102443	0.0776522	0.0555353	0.031109499999999998	0.107607	0.0173168	0.0564467	0.0216916	0.0720622	0.0483048	0.03834	0.0291651	0.140053	0.0743104	0.077956	Healthy
0.0486003	0.0973302	0.0806117	0.0486651	0.0316874	0.100052	0.0180145	0.0560524	0.0215137	0.0719285	0.0554692	0.0385562	0.0277346	0.143468	0.0829445	0.0773717	Healthy
0.0485289	0.0998868	0.0766452	0.0536212	0.0342967	0.110115	0.0194986	0.0544916	0.0228499	0.0759053	0.0481372	0.036821	0.0271588	0.141757	0.0767322	0.073555	Healthy
0.0451793	0.098401	0.0860062	0.0483489	0.0300407	0.110938	0.0192544	0.0544044	0.0242691	0.0822689	0.0545936	0.0355284	0.0280537	0.134071	0.082127	0.0665153	Colorectal_Cancer
0.0506654	0.102203	0.0759162	0.0524651	0.0319045	0.107112	0.0136889	0.0495746	0.0256872	0.0753709	0.0434119	0.0396488	0.0313591	0.152105	0.0717168	0.0771706	Gastric_cancer
0.0443817	0.0979095	0.0802495	0.0485965	0.0282391	0.112577	0.0157633	0.055003	0.0241929	0.0814718	0.0547079	0.0384388	0.0236449	0.149372	0.0771306	0.0683217	Pancreatic_Cancer
0.0469541	0.10219	0.0764545	0.0538672	0.036345	0.104928	0.0169747	0.0550308	0.0232717	0.0737851	0.0501027	0.0346338	0.0296372	0.147091	0.0730322	0.0757016	Healthy
0.0465195	0.101138	0.0739491	0.0516294	0.038469	0.119022	0.0186078	0.0589568	0.0243444	0.0805052	0.050376	0.0404454	0.0232356	0.137871	0.0658022	0.0691284	Bile_Duct_Cancer
0.0529202	0.0928972	0.0854374	0.0499872	0.0336649	0.0993369	0.0178526	0.0562994	0.0278628	0.0718567	0.0559169	0.0366616	0.0302856	0.131153	0.0839072	0.0739607	Bile_Duct_Cancer
0.0516354	0.103422	0.0696548	0.0558752	0.0347517	0.103044	0.0147638	0.0508025	0.0249849	0.0734403	0.0468655	0.0365687	0.0343731	0.143322	0.0743489	0.0821472	Gastric_cancer
0.0461533	0.103198	0.0753128	0.0530666	0.0314383	0.1222	0.0171482	0.0525645	0.0237911	0.0799861	0.0480844	0.0377337	0.0254133	0.141858	0.0689402	0.073111400000000007	Breast_Cancer
0.05061	0.0955852	0.0801799	0.0568135	0.0322581	0.103184	0.0153019	0.0571237	0.026158	0.0737696	0.0475083	0.0376861	0.0287428	0.140819	0.0768714	0.0773883	Ovarian_Cancer
0.0510291	0.0974106	0.0843688	0.0517405	0.0314427	0.108508	0.0175472	0.0530684	0.0230485	0.07256	0.0532581	0.0350944	0.026795	0.146116	0.078251	0.0697619	Breast_Cancer
0.0484889	0.0964316	0.0833232	0.0557106	0.0276733	0.0999515	0.0166889	0.0581988	0.0239714	0.0747057	0.0510377	0.0384149	0.0273091	0.136364	0.0828377	0.0788931	Healthy
0.0476721	0.101321	0.0769476	0.0498896	0.0319107	0.112408	0.017074	0.0559356	0.0228118	0.0800103	0.0502774	0.0368429	0.0266999	0.14416	0.074024	0.0720153	Healthy
0.043722	0.099417	0.0816143	0.0459641	0.0359193	0.110493	0.0180717	0.0542152	0.0235426	0.0747982	0.0550224	0.0357399	0.0280717	0.146592	0.0811211	0.0656951	Healthy
0.0480809	0.0970118	0.075592500000000007	0.0500129	0.0350464	0.109969	0.0189078	0.0528207	0.0243045	0.0758758	0.0518418	0.03466	0.0305641	0.145054	0.0781942	0.0720634	Healthy
0.0500386	0.0984222	0.0822024	0.0490456	0.0292398	0.103553	0.016606	0.0522454	0.021185	0.0727132	0.0515834	0.0335981	0.028026	0.153261	0.0838023	0.0744786	Healthy
0.0518815	0.098683	0.0774694	0.0507526	0.0328316	0.105503	0.0167921	0.0510348	0.0250235	0.0764817	0.0506115	0.0349953	0.028269	0.147742	0.0792098	0.0727187	Healthy
0.051334	0.0894968	0.0844309	0.0523472	0.0334347	0.095407	0.0202634	0.0557244	0.0206011	0.0707531	0.0545424	0.0383316	0.036643	0.137454	0.0798717	0.0793651	Lung_Cancer
0.0488861	0.10121	0.0756326	0.0543867	0.0311469	0.105886	0.0174642	0.0539741	0.0246837	0.0770765	0.050055	0.0366474	0.0301843	0.147277	0.0719884	0.0735011	Pancreatic_Cancer
0.0468679	0.101128	0.0793324	0.0474013	0.0310928	0.105396	0.0154702	0.0537266	0.023091	0.0734644	0.0493065	0.0345222	0.0298735	0.157141	0.0768176	0.0753696	Pancreatic_Cancer
0.0501092	0.094242	0.0811401	0.0535571	0.0313757	0.10493	0.0164924	0.0534996	0.0219515	0.0768877	0.0535571	0.0371796	0.025974	0.139926	0.0841283	0.0750488	Lung_Cancer
0.0464477	0.0952105	0.0798727	0.0528867	0.031761	0.107003	0.0154102	0.0547678	0.0258284	0.0772681	0.0487628	0.0355231	0.0313992	0.143973	0.0778469	0.0760382	Healthy
0.0521388	0.0813549	0.107348	0.0301371	0.0404216	0.108934	0.0260438	0.0405751	0.0230761	0.0629861	0.0678469	0.0222575	0.0364818	0.136717	0.107757	0.0559251	Ovarian_Cancer
0.0469025	0.0978707	0.0763685	0.052058	0.0328611	0.109272	0.018316700000000002	0.0533154	0.0248973	0.0766619	0.0519323	0.0356694	0.0279152	0.150096	0.0760332	0.0698298	Healthy
0.0444765	0.102171	0.0722907	0.0508397	0.0320126	0.12067	0.0168591	0.0599908	0.0237142	0.0806547	0.0457229	0.0380806	0.0265022	0.146287	0.068978	0.0707491	Breast_Cancer
0.0481451	0.0934642	0.0812866	0.046244	0.0365327	0.107851	0.0202446	0.0477854	0.0245093	0.0735793	0.0551845	0.0343747	0.0286713	0.146645	0.0850375	0.070445	Breast_Cancer
0.0475717	0.092204	0.0836574	0.0525007	0.030614100000000002	0.106765	0.0176359	0.0587863	0.0224292	0.0755178	0.0531338	0.0373519	0.0260468	0.13756	0.0816225	0.0766031	Healthy
0.0487162	0.101875	0.0749567	0.0502221	0.0326406	0.111964	0.0170168	0.0554175	0.0221369	0.0771779	0.0462691	0.037196	0.0272193	0.146375	0.074279	0.0765379	Healthy
0.0486292	0.0973584	0.0782469	0.0540324	0.0335701	0.101561	0.0174605	0.051731	0.0227637	0.073294	0.0534321	0.0378727	0.0288673	0.142435	0.081699	0.0770462	Healthy
0.0509082	0.0997982	0.0859233	0.0503027	0.0321897	0.10116	0.0190716	0.0520686	0.0210394	0.0746216	0.0556509	0.0344097	0.0284057	0.138698	0.0823411	0.0734107	Healthy
0.0476924	0.0971137	0.0788485	0.0477676	0.0318701	0.110906	0.0162733	0.052954	0.0253683	0.0778713	0.0500601	0.0353277	0.0278863	0.15051899999999999	0.07727	0.0722715	Healthy
0.0526316	0.0963603	0.0793401	0.0508641	0.0308327	0.0999607	0.0158418	0.0542027	0.0229118	0.0748233	0.0494239	0.0342367	0.0322728	0.145588	0.0810422	0.0796675	Healthy
0.04947	0.0999163	0.0746234	0.0552353	0.0307328	0.112051	0.0150177	0.0575135	0.0224103	0.0767156	0.0476567	0.0376139	0.0267342	0.144225	0.0726706	0.0774131	Pancreatic_Cancer
0.0493685	0.0943169	0.0787026	0.0529277	0.0347876	0.0973594	0.0181975	0.0547646	0.0246269	0.0710677	0.0502296	0.0412744	0.0339839	0.144202	0.0801378	0.0740528	Healthy
0.0503223	0.101383	0.078958	0.0522022	0.031657	0.104035	0.0172217	0.0544179	0.0209816	0.0745938	0.049013	0.0381026	0.0292735	0.147576	0.0762052	0.0740567	Healthy
0.0475484	0.102114	0.0750337	0.0516419	0.034278	0.111336	0.0196581	0.0532164	0.0240666	0.0776428	0.0510121	0.0363923	0.0295996	0.14287	0.0723347	0.0712551	Healthy
0.0450119	0.0985684	0.0773522	0.0517831	0.0362739	0.116367	0.0195073	0.059328	0.0246985	0.080641	0.0523957	0.0417876	0.0252467	0.126556	0.0756755	0.0688076	Colorectal_Cancer
0.0480786	0.100742	0.0777729	0.0490393	0.031179	0.110961	0.0181223	0.0559825	0.0227074	0.0786463	0.0506987	0.0361572	0.0266376	0.146288	0.0742358	0.0727511	Healthy
0.0485817	0.0954217	0.0773202	0.0511943	0.0329062	0.105872	0.0171684	0.05474	0.0246952	0.0729659	0.0507589	0.0409928	0.0307912	0.138841	0.0755163	0.0822344	Healthy
0.0479072	0.101739	0.0769149	0.052441	0.0296235	0.109384	0.0164044	0.0548619	0.0224884	0.0795056	0.0481408	0.0360791	0.0261833	0.149126	0.0751099	0.0740906	Healthy
0.0474889	0.0986842	0.0756116	0.0516123	0.0264085	0.113093	0.0166327	0.0580986	0.023258	0.0840901	0.0521683	0.0421145	0.0247405	0.142235	0.0732024	0.0705615	Bile_Duct_Cancer
0.0474026	0.0984016	0.0819181	0.0509491	0.0311688	0.108292	0.0191309	0.0515984	0.0232767	0.0761239	0.0523477	0.0350649	0.0275724	0.144505	0.0793706	0.0728771	Healthy
0.0491742	0.094294	0.0848088	0.0511085	0.0315057	0.103035	0.0179289	0.0544562	0.0235084	0.0769603	0.0497694	0.0387219	0.028158	0.146779	0.0754724	0.0743193	Healthy
0.0533562	0.0963176	0.0832135	0.0529691	0.0296362	0.101128	0.0159239	0.0535221	0.0200708	0.0766892	0.0533009	0.0357735	0.0270928	0.143094	0.0802831	0.0776291	Bile_Duct_Cancer
0.0484364	0.0973613	0.0750061	0.0511849	0.034388	0.105302	0.0200953	0.0552773	0.0249206	0.0793428	0.0534449	0.0359761	0.0278524	0.143538	0.0730516	0.0748229	Healthy
0.0319477	0.0969121	0.0528504	0.0539786	0.0354513	0.11829	0.0164489	0.0586698	0.0257126	0.0814727	0.0496437	0.0393112	0.0277316	0.151603	0.0789192	0.081057	Gastric_cancer
0.0526209	0.0987914	0.0836502	0.0551331	0.0327947	0.0960755	0.0168387	0.0524851	0.0228816	0.0676942	0.0470532	0.0376154	0.0304861	0.14598	0.0788294	0.0810701	Healthy
0.0361629	0.0716356	0.0612146	0.0428571	0.0717046	0.120911	0.0320221	0.0650104	0.0347136	0.0669427	0.0639061	0.0335404	0.0413389	0.114769	0.0837819	0.0594893	Breast_Cancer
0.0466327	0.0951484	0.0816349	0.0491803	0.0337284	0.108108	0.0180549	0.0542756	0.0230394	0.0762074	0.0516172	0.039156	0.0265286	0.142501	0.0828533	0.0713336	Healthy
0.0528084	0.102302	0.0719341	0.0582281	0.0303682	0.114441	0.0152289	0.0544209	0.0242318	0.0809818	0.0470752	0.0380274	0.0275464	0.139971	0.0695154	0.0729195	Gastric_cancer
0.0477264	0.104231	0.0802159	0.0472496	0.0305822	0.112315	0.0182063	0.0492436	0.0213707	0.0811912	0.0500455	0.0332047	0.028263	0.149941	0.0767263	0.0694872	Breast_Cancer
0.0445825	0.0966863	0.0709614	0.0491062	0.0376608	0.110911	0.0177131	0.0564639	0.0258884	0.0806082	0.0503597	0.0380423	0.029104	0.143776	0.074613	0.073523	Breast_Cancer
0.0526275	0.0998613	0.0765141	0.0508553	0.0307443	0.1088	0.01726	0.0557867	0.0231931	0.0716597	0.0479273	0.0362151	0.0304361	0.149715	0.0762059	0.0721991	Healthy
0.0450972	0.100446	0.078296	0.0505684	0.0296399	0.110645	0.0182195	0.0538086	0.022947	0.0772867	0.05264	0.038245	0.0276214	0.141984	0.0798364	0.0727186	Colorectal_Cancer
0.042784	0.0981217	0.0732988	0.0517645	0.0352264	0.13104	0.0201113	0.0611245	0.0268151	0.0895839	0.0563812	0.0412029	0.0202694	0.124399	0.0684923	0.0593853	Breast_Cancer
0.0517363	0.0982496	0.0802513	0.0513834	0.0321146	0.105449	0.0148221	0.0496894	0.0210333	0.0734754	0.0463721	0.0347261	0.0295031	0.155068	0.0806042	0.0755223	Healthy
0.05098	0.100083	0.077721	0.0556714	0.0335696	0.103941	0.0170976	0.0560363	0.0246038	0.0739158	0.050146	0.0352898	0.030025	0.140325	0.0775646	0.0730296	Healthy
0.0506178	0.102003	0.0801449	0.0537708	0.0285045	0.111163	0.0146996	0.0548786	0.0221986	0.0766084	0.0499787	0.0385599	0.0265871	0.142821	0.0763102	0.0711547	Ovarian_Cancer
0.0458804	0.0930102	0.0878568	0.0467237	0.0315448	0.105191	0.0187082	0.0523768	0.0224561	0.0772378	0.0565307	0.0370729	0.0272034	0.143888	0.0821101	0.072209400000000007	Healthy
0.0522671	0.100026	0.080034	0.0525938	0.0326016	0.101921	0.0143734	0.0547498	0.0219522	0.0733046	0.0508951	0.0363256	0.0261335	0.145956	0.07729	0.0795766	Pancreatic_Cancer
0.0465705	0.0988479	0.0850651	0.0518467	0.0338645	0.110208	0.0204049	0.0550232	0.0251965	0.075428	0.0522235	0.0369872	0.025358	0.137666	0.0758049	0.0695058	Healthy
0.0473928	0.0886582	0.0831562	0.0547705	0.0320745	0.101913	0.0196324	0.0537702	0.0233212	0.0729023	0.0518319	0.040015	0.0300113	0.140303	0.0830311	0.0772165	Healthy
0.0440264	0.0972555	0.0782237	0.048301	0.032836	0.121515	0.0193858	0.0555435	0.0251035	0.0873993	0.0529569	0.0378458	0.0236604	0.137279	0.0741941	0.064474	Colorectal_Cancer
0.0435133	0.0955617	0.0780082	0.0514365	0.0316929	0.119976	0.0199691	0.0597301	0.0232543	0.0882343	0.0569763	0.0391491	0.0219016	0.133197	0.0719209	0.0654793	Colorectal_Cancer
0.0472082	0.0928427	0.0835956	0.0525478	0.030535	0.107589	0.0193783	0.0563492	0.0217299	0.074649	0.0530429	0.0375544	0.0270165	0.141412	0.0777786	0.0767707	Healthy
0.0455619	0.0979863	0.0857802	0.0489931	0.0279559	0.11098	0.0208122	0.0505681	0.020081	0.0783553	0.0554056	0.0343121	0.0251997	0.147148	0.081224	0.0696366	Colorectal_Cancer
0.0491577	0.105411	0.0759571	0.0540582	0.0299132	0.112251	0.0177642	0.0507912	0.0213885	0.0742215	0.0496682	0.0354773	0.0268504	0.148443	0.0757019	0.0729454	Healthy
0.0480875	0.0942488	0.0808338	0.0540039	0.0306136	0.0990644	0.0186434	0.0531095	0.023115	0.0703082	0.0501513	0.0372867	0.0319895	0.145363	0.0853054	0.0778756	Pancreatic_Cancer
0.0485422	0.1054	0.0751929	0.0520489	0.03156	0.112363	0.0154293	0.053702	0.0219417	0.0802525	0.0497946	0.037371	0.0263	0.143823	0.073139	0.073139	Bile_Duct_Cancer
0.0488896	0.10087	0.0839095	0.0502725	0.0289596	0.106036	0.0176116	0.0507199	0.0229806	0.0759782	0.0499471	0.0358334	0.02778	0.147523	0.0770764	0.0756121	Lung_Cancer
0.049392900000000003	0.0953826	0.0796082	0.0504047	0.0296174	0.103155	0.0187178	0.0549117	0.0216611	0.0768488	0.0498068	0.0361019	0.0279157	0.147167	0.0810338	0.0782745	Healthy
0.0517188	0.0985379	0.0801447	0.052341	0.0308757	0.101999	0.0182766	0.0525743	0.0227096	0.0724063	0.0495023	0.0377586	0.0303313	0.142518	0.0798725	0.0784337	Healthy
0.0509389	0.0977993	0.0779166	0.0497069	0.0310986	0.107528	0.019203	0.0545926	0.0228567	0.0747727	0.0449061	0.0361543	0.0298241	0.150353	0.0768969	0.0754525	Gastric_cancer
0.0484044	0.0928077	0.0767542	0.0560164	0.0320582	0.108422	0.0181517	0.0645067	0.0238606	0.077974	0.0508441	0.0412316	0.0289353	0.136089	0.0718747	0.0720699	Pancreatic_Cancer
0.0457755	0.0991942	0.0768464	0.0523802	0.0302816	0.108873	0.0171139	0.0574063	0.0219739	0.0790479	0.0490155	0.0375509	0.0261693	0.150162	0.0711971	0.0770125	Healthy
0.0489313	0.0885872	0.0772281	0.0529641	0.035287	0.100081	0.0207689	0.0582067	0.0264821	0.0742035	0.056392	0.0412018	0.0332706	0.129991	0.0779675	0.078438	Duodenal_Cancer
0.0483468	0.104485	0.0811607	0.0502947	0.0313156	0.110429	0.0183798	0.0529418	0.0244231	0.0764159	0.0516931	0.0387074	0.0262711	0.135601	0.0783638	0.0711717	Colorectal_Cancer
0.0436685	0.0966344	0.0822045	0.05061	0.0316786	0.104838	0.0193101	0.0593185	0.0206984	0.0745477	0.0537653	0.0384939	0.0275978	0.143374	0.0797644	0.073496	Healthy
0.0495085	0.0936826	0.0848717	0.0535843	0.0305083	0.0979381	0.0176816	0.0534045	0.0223567	0.0731839	0.0525054	0.0372213	0.0329657	0.143191	0.0818149	0.075581400000000007	Healthy
0.0489983	0.093309	0.0871904	0.0486529	0.031432	0.0990329	0.0192441	0.0523044	0.0231422	0.0756933	0.0546235	0.0367611	0.0283233	0.144281	0.0831442	0.0738676	Lung_Cancer
0.0263293	0.0587148	0.0401868	0.0313077	0.0857114	0.132314	0.0382878	0.065541	0.0456272	0.078526	0.0695442	0.0289982	0.0435742	0.122921	0.0811948	0.0512215	Breast_Cancer
0.0477816	0.097317	0.0770762	0.0548445	0.0341297	0.101062	0.0166382	0.0538017	0.0219947	0.071862	0.0511471	0.0386803	0.0285836	0.148606	0.0787827	0.0776925	Healthy
0.0526407	0.0967107	0.0771369	0.0546097	0.0346305	0.104065	0.0171994	0.0547834	0.0229326	0.072562	0.0463285	0.0401899	0.030461	0.134121	0.0806115	0.0810169	Healthy
0.0484688	0.0967715	0.0801726	0.0515395	0.0324508	0.109553	0.0170554	0.0540294	0.0253548	0.0782223	0.0545688	0.0356046	0.0272637	0.137024	0.0793842	0.0725371	Ovarian_Cancer
0.0487314	0.093132499999999993	0.0857526	0.0462308	0.031959	0.101366	0.019334	0.0531227	0.0236643	0.0719688	0.0544035	0.0378141	0.0276897	0.141498	0.085508700000000007	0.0778239	Healthy
0.04888	0.100399	0.0781283	0.0497244	0.0303976	0.107916	0.016266	0.0541808	0.0233845	0.0770494	0.0499941	0.0350182	0.029518	0.150487	0.0748563	0.0738009	Healthy
0.047874	0.0871741	0.0733729	0.0557468	0.0348378	0.103844	0.0204947	0.0763052	0.0252757	0.0772296	0.0552687	0.046886	0.0256263	0.120992	0.0718748	0.0771977	Colorectal_Cancer
0.0479443	0.0935889	0.0807666	0.0530314	0.0308711	0.104948	0.0183972	0.0597909	0.0228571	0.0711498	0.0483624	0.0358885	0.0275958	0.148502	0.0801394	0.0761672	Healthy
0.0462795	0.0935231	0.0743534	0.0513838	0.0416289	0.104015	0.0205309	0.0586434	0.0251248	0.0738997	0.0502495	0.034426	0.0317037	0.138612	0.0824637	0.0731624	Breast_Cancer
0.0438604	0.0984493	0.0833033	0.0513884	0.0310584	0.0998017	0.0201046	0.0554454	0.0218175	0.0746484	0.0526055	0.0334926	0.0295258	0.144699	0.0863686	0.0734313	Healthy
0.0514464	0.09627	0.0863622	0.0542015	0.0302003	0.105436	0.0166896	0.0504927	0.0233125	0.0722157	0.0536187	0.0349687	0.0283459	0.143796	0.0790505	0.0735933	Ovarian_Cancer
0.0482952	0.0956077	0.0877469	0.0545347	0.0316891	0.104304	0.0191117	0.053503	0.0226	0.0749238	0.0532082	0.0378304	0.0300678	0.133242	0.0813108	0.0720252	Healthy
0.0406358	0.0835666	0.0650397	0.044442	0.0569797	0.114799	0.0254114	0.050487	0.0315124	0.0729878	0.0616814	0.030225	0.0385649	0.137076	0.0853017	0.0612896	Breast_Cancer
0.0354635	0.0731654	0.0598227	0.0379213	0.0631584	0.114817	0.0336201	0.0502107	0.0413448	0.0756232	0.0766766	0.0376141	0.039282	0.118592	0.0851475	0.0575404	Lung_Cancer
0.0458242	0.0981868	0.0823077	0.0502747	0.0305495	0.109011	0.0175824	0.0507692	0.023956	0.0774176	0.0496703	0.0354396	0.03	0.146593	0.0783516	0.0740659	Healthy
0.0490153	0.10206899999999999	0.0786678	0.0536623	0.0300398	0.111861	0.0177584	0.0555986	0.0238991	0.0762337	0.0548241	0.0366785	0.026112	0.140739	0.0717526	0.0710887	Ovarian_Cancer
0.0512875	0.0930655	0.0856929	0.0510738	0.0315205	0.0963778	0.0159739	0.054119	0.0241479	0.0733519	0.0492574	0.037504	0.0316807	0.144406	0.0818464	0.0786943	Gastric_cancer
0.0490394	0.0946122	0.0818287	0.0514228	0.0351726	0.0987289	0.018128	0.0543117	0.0243392	0.0684674	0.0566229	0.0386393	0.0338004	0.135852	0.0816842	0.0773509	Healthy
0.0488599	0.0945983	0.0890337	0.0579533	0.0287731	0.0958198	0.0191368	0.0557818	0.019544	0.0643322	0.0590391	0.0392237	0.0271444	0.141965	0.0788545	0.0799403	Lung_Cancer
0.0457645	0.0923813	0.0782848	0.0508786	0.031668	0.101495	0.0181616	0.0550092	0.0241935	0.0743509	0.0509441	0.0395358	0.0300944	0.147849	0.0786126	0.0807763	Healthy
0.0473217	0.100148	0.0762406	0.0514295	0.0289188	0.112143	0.0186494	0.0571804	0.0215248	0.0796911	0.0476503	0.0385311	0.0240716	0.149113	0.075419	0.0719685	Pancreatic_Cancer
0.0480617	0.0960245	0.0840585	0.0472211	0.0317445	0.10443	0.0175534	0.053303	0.0234869	0.0766911	0.0532041	0.0382714	0.0256626	0.1429	0.080004	0.0773833	Healthy
0.0500171	0.0978521	0.082064	0.049247	0.0296937	0.101446	0.0184409	0.0528838	0.0215643	0.0761167	0.0510868	0.0361116	0.028624	0.147869	0.083476	0.0735068	Healthy
0.0535158	0.0957865	0.0808833	0.053719	0.033532	0.103644	0.0156483	0.0587319	0.0233708	0.0713995	0.0487739	0.038003	0.0283159	0.145441	0.0714673	0.0777672	Healthy
0.0493631	0.0926377	0.0809292	0.0532971	0.0316598	0.0978831	0.0191083	0.0617272	0.0247284	0.068846	0.0504871	0.0404646	0.0297864	0.14172	0.0803672	0.0769951	Healthy
0.0509554	0.10091	0.0804368	0.0512284	0.0306642	0.0956324	0.0187443	0.0548681	0.0252047	0.0729754	0.0499545	0.0353958	0.0276615	0.149318	0.0757052	0.0803458	Pancreatic_Cancer
0.0468155	0.0976116	0.0829007	0.049974	0.0332728	0.109034	0.0176964	0.0514019	0.0239702	0.0755019	0.0536951	0.0363015	0.0264365	0.143865	0.0804777	0.0710453	Healthy
0.0487821	0.0968839	0.0866805	0.0502721	0.0303835	0.107768	0.0166818	0.0527663	0.0246826	0.0758292	0.0551309	0.0383195	0.0283428	0.134329	0.0802021	0.0729464	Pancreatic_Cancer
0.0502095	0.0933731	0.0841691	0.0524946	0.0325632	0.104291	0.0187889	0.0570649	0.0245652	0.0707757	0.0512251	0.0399898	0.0284372	0.139076	0.0742669	0.0787102	Healthy
0.0509253	0.0924662	0.0809161	0.0510566	0.0341908	0.101457	0.0168657	0.0578816	0.0234283	0.0712036	0.0522378	0.0383252	0.0292033	0.145098	0.0790786	0.0756661	Healthy
0.0477831	0.094955	0.0830092	0.0509501	0.0307812	0.105234	0.0193355	0.0565618	0.0213913	0.0762863	0.054895	0.038282	0.0246694	0.135126	0.0820091	0.078731	Healthy
0.0498822	0.0886881	0.0818539	0.0547526	0.036685	0.103299	0.0195601	0.0567164	0.0240377	0.0684211	0.0537313	0.0384918	0.030165	0.136921	0.0823252	0.0744698	Healthy
0.0473958	0.0982481	0.0714489	0.0607955	0.0329545	0.118513	0.0158144	0.0664773	0.0240057	0.0732008	0.0497633	0.0427083	0.0238163	0.128267	0.0702652	0.0763258	Bile_Duct_Cancer
0.0470429	0.0986836	0.0899719	0.0425903	0.0280225	0.10212	0.0163101	0.0492692	0.020424	0.0750653	0.054593	0.0318943	0.028942	0.159471	0.0858581	0.0697416	Ovarian_Cancer
0.0468097	0.0951872	0.0754408	0.0506726	0.0351754	0.116388	0.0189965	0.0562625	0.0231322	0.0838484	0.0538084	0.0377204	0.0251091	0.131999	0.0784403	0.0710098	Bile_Duct_Cancer
0.0491482	0.099174	0.0824987	0.04889	0.0316985	0.107021	0.0184822	0.0533815	0.02127	0.0735157	0.0482705	0.0359319	0.0300465	0.146877	0.0794011	0.0743934	Healthy
