AA	AC	AG	AT	CA	CC	CG	CT	GA	GC	GG	GT	TA	TC	TG	TT
0.06438393	0.04856560	0.07452892	0.04285045	0.06966721	0.08925268	0.03734894	0.07451918	0.06042949	0.07216050	0.08823199	0.04813774	0.03585114	0.06081382	0.06883325	0.06442517
0.0503856	0.0947779	0.0781453	0.0510361	0.0291070	0.1041400	0.0155408	0.0512916	0.0226491	0.0757991	0.0525925	0.0347751	0.0287354	0.1505300	0.0844871	0.0760082
0.0476954	0.0956068	0.0823718	0.0468933	0.0321158	0.1042760	0.0182020	0.0514284	0.0226137	0.0725612	0.0532486	0.0344913	0.0327945	0.1506760	0.0810452	0.0739804
0.0488887	0.0979204	0.0801297	0.0501049	0.0328389	0.1080320	0.0175522	0.0530859	0.0248498	0.0788896	0.0507250	0.0363207	0.0268768	0.1470710	0.0754793	0.0712344
0.0358419	0.0663243	0.0553819	0.0403640	0.0807838	0.1190260	0.0290866	0.0537070	0.0396941	0.0650960	0.0630304	0.0314314	0.0530929	0.1261720	0.0832961	0.0576708
0.0504214	0.0959512	0.0828567	0.0495434	0.0324604	0.1013450	0.0187387	0.0524784	0.0213225	0.0760837	0.0501204	0.0380544	0.0282210	0.1463730	0.0793448	0.0766857
0.0473719	0.0979120	0.0808943	0.0537686	0.0306861	0.1019550	0.0167461	0.0557299	0.0229316	0.0735622	0.0494237	0.0363285	0.0291473	0.1448620	0.0751614	0.0835194
0.0347377	0.0743583	0.0511068	0.0417597	0.0769159	0.1184430	0.0267392	0.0601283	0.0423642	0.0666388	0.0645461	0.0335286	0.0480841	0.1201170	0.0829613	0.0575707
0.0445348	0.0881854	0.0672798	0.0482490	0.0508313	0.1105770	0.0221436	0.0519278	0.0304917	0.0694376	0.0532720	0.0342059	0.0399363	0.1390170	0.0798727	0.0700389
0.0432996	0.0995156	0.0703068	0.0546749	0.0320710	0.1131170	0.0185430	0.0609130	0.0251725	0.0822203	0.0590293	0.0423455	0.0245854	0.1332500	0.0677871	0.0731689
0.0481765	0.0998958	0.0803404	0.0510941	0.0321987	0.1044810	0.0156652	0.0516151	0.0226468	0.0743314	0.0513720	0.0370267	0.0292463	0.1439390	0.0835359	0.0744356
0.0510595	0.1015260	0.0806060	0.0495498	0.0328355	0.1047070	0.0168760	0.0525961	0.0237774	0.0756457	0.0520030	0.0363401	0.0303014	0.1425840	0.0777754	0.0718175
0.0446693	0.0936716	0.0681870	0.0455245	0.0489453	0.1107180	0.0231186	0.0582098	0.0279932	0.0742303	0.0533067	0.0371722	0.0324401	0.1388540	0.0740023	0.0689567
0.0416875	0.0934939	0.0724289	0.0459005	0.0419376	0.1137700	0.0203917	0.0567889	0.0287792	0.0795083	0.0553076	0.0374937	0.0291639	0.1413180	0.0755069	0.0665230
0.0466753	0.1003540	0.0844742	0.0467103	0.0318639	0.1074970	0.0190833	0.0567247	0.0237228	0.0775412	0.0532232	0.0368710	0.0257012	0.1406560	0.0807801	0.0681221
0.0490427	0.0961992	0.0777610	0.0512591	0.0328209	0.1009620	0.0190984	0.0570122	0.0208903	0.0708290	0.0545129	0.0385268	0.0300858	0.1437800	0.0776195	0.0796001
0.0461357	0.0993044	0.0734234	0.0494860	0.0359317	0.1135240	0.0177485	0.0519411	0.0242954	0.0767224	0.0506368	0.0357271	0.0283617	0.1492510	0.0747788	0.0727329
0.0530021	0.1025180	0.0751371	0.0551344	0.0292087	0.0993705	0.0147567	0.0553036	0.0211873	0.0747986	0.0463684	0.0383131	0.0297502	0.1520000	0.0708048	0.0823462
0.0520134	0.0954201	0.0810030	0.0521688	0.0372856	0.0990554	0.0191399	0.0553381	0.0265349	0.0687609	0.0521688	0.0358563	0.0304188	0.1351600	0.0843898	0.0752859
0.0480794	0.0972258	0.0836136	0.0488877	0.0328182	0.1048560	0.0193676	0.0555807	0.0239265	0.0734286	0.0548047	0.0346611	0.0263839	0.1427510	0.0821586	0.0714563
0.0472684	0.1029570	0.0702143	0.0551498	0.0320045	0.1170840	0.0171595	0.0578834	0.0240433	0.0795722	0.0483260	0.0392274	0.0267169	0.1356600	0.0724889	0.0742448
0.0455119	0.0995726	0.0790280	0.0461377	0.0326305	0.1139180	0.0189854	0.0502424	0.0239757	0.0803856	0.0528833	0.0342851	0.0280591	0.1494860	0.0777553	0.0671436
0.0535475	0.0939313	0.0876203	0.0487984	0.0302161	0.0985211	0.0193791	0.0511570	0.0226302	0.0704724	0.0528144	0.0349334	0.0290368	0.1502520	0.0786639	0.0780264
0.0486388	0.0976570	0.0846139	0.0549232	0.0311611	0.1044630	0.0181180	0.0559192	0.0227186	0.0746538	0.0546149	0.0370660	0.0257778	0.1364300	0.0785430	0.0747012
0.0527165	0.0988358	0.0772263	0.0587623	0.0316789	0.1069040	0.0157884	0.0570261	0.0235498	0.0752859	0.0486315	0.0417892	0.0267770	0.1397470	0.0694240	0.0758578
0.0496252	0.0905925	0.0745828	0.0565659	0.0362031	0.1079560	0.0196372	0.0653688	0.0293108	0.0789843	0.0517775	0.0450302	0.0284643	0.1216690	0.0711004	0.0731318
0.0474753	0.0983181	0.0784815	0.0479354	0.0324231	0.1080160	0.0182909	0.0522965	0.0225048	0.0777087	0.0504195	0.0363978	0.0279884	0.1515350	0.0781687	0.0720411
0.0483635	0.1038350	0.0725925	0.0523072	0.0303925	0.1121710	0.0156095	0.0533462	0.0221272	0.0801492	0.0456950	0.0364615	0.0284797	0.1550800	0.0689557	0.0744344
0.0459104	0.0975224	0.0785075	0.0540299	0.0335821	0.0989851	0.0197313	0.0556119	0.0229851	0.0741493	0.0512836	0.0356418	0.0290149	0.1422390	0.0828955	0.0779104
0.0524886	0.0988188	0.0759222	0.0549520	0.0318974	0.1017240	0.0161382	0.0546046	0.0227703	0.0725114	0.0484462	0.0376769	0.0312026	0.1460650	0.0775644	0.0772170
0.0477875	0.0991758	0.0800067	0.0532406	0.0290347	0.1052120	0.0178579	0.0541148	0.0221246	0.0779253	0.0508887	0.0380469	0.0279316	0.1416560	0.0778421	0.0771552
0.0329699	0.0691050	0.0531329	0.0374538	0.0804173	0.1280410	0.0358420	0.0530156	0.0389192	0.0673173	0.0712151	0.0280464	0.0441944	0.1185750	0.0922865	0.0494696
0.0453304	0.0946315	0.0839581	0.0479987	0.0337675	0.1056540	0.0192821	0.0546696	0.0224587	0.0736341	0.0542567	0.0352605	0.0261753	0.1430750	0.0834816	0.0763659
0.0487095	0.0988651	0.0814937	0.0499725	0.0301666	0.1061500	0.0172616	0.0529013	0.0229361	0.0737141	0.0497346	0.0353835	0.0287022	0.1531940	0.0777046	0.0731100
0.0523430	0.0938684	0.0731555	0.0552592	0.0337737	0.1041630	0.0176221	0.0574776	0.0235793	0.0728564	0.0480060	0.0399801	0.0290379	0.1416750	0.0761216	0.0810818
0.0477753	0.0995489	0.0806848	0.0575149	0.0306541	0.1059050	0.0157884	0.0536874	0.0226915	0.0698175	0.0497574	0.0397102	0.0255963	0.1422320	0.0816759	0.0769599
0.0486037	0.1000420	0.0797231	0.0511398	0.0306421	0.1050840	0.0180809	0.0572562	0.0234813	0.0759637	0.0517962	0.0383996	0.0275988	0.1444380	0.0758145	0.0719358
0.0475726	0.0997418	0.0805365	0.0531768	0.0315471	0.1051890	0.0168440	0.0551917	0.0221019	0.0736100	0.0513822	0.0372458	0.0261948	0.1418990	0.0826144	0.0751527
0.0479641	0.0958575	0.0798812	0.0521349	0.0319878	0.1064260	0.0173547	0.0566591	0.0231514	0.0742613	0.0508624	0.0384561	0.0286653	0.1410650	0.0768769	0.0783967
0.0480632	0.0937521	0.0809986	0.0571535	0.0317821	0.1002310	0.0186894	0.0566447	0.0236415	0.0715013	0.0520317	0.0396174	0.0291025	0.1358120	0.0811343	0.0798453
0.0442617	0.0987196	0.0737806	0.0517835	0.0340153	0.1131450	0.0177682	0.0546919	0.0246548	0.0782436	0.0515829	0.0372580	0.0276636	0.1456390	0.0760037	0.0707886
0.0439821	0.0993555	0.0866782	0.0489711	0.0321245	0.1119200	0.0187970	0.0510063	0.0236446	0.0777743	0.0582283	0.0372548	0.0264289	0.1358900	0.0839505	0.0639946
0.0513024	0.0992608	0.0807814	0.0524903	0.0265312	0.0973689	0.0177314	0.0522703	0.0216913	0.0696498	0.0466385	0.0373548	0.0311950	0.1503430	0.0801214	0.0852693
0.0492006	0.0950209	0.0873484	0.0508102	0.0317362	0.1007620	0.0192349	0.0557463	0.0215152	0.0706084	0.0527417	0.0356798	0.0301803	0.1390170	0.0835122	0.0768859
0.0467429	0.0957277	0.0776386	0.0508658	0.0342713	0.1058030	0.0194805	0.0576943	0.0215677	0.0773552	0.0505051	0.0376984	0.0276232	0.1410530	0.0785920	0.0773810
0.0577596	0.0998171	0.0729051	0.0544999	0.0337892	0.1034350	0.0156623	0.0478613	0.0273891	0.0785498	0.0479806	0.0339084	0.0330736	0.1494280	0.0717523	0.0721895
0.0463656	0.1015870	0.0737514	0.0523377	0.0337260	0.1168650	0.0181822	0.0564691	0.0250337	0.0797439	0.0513151	0.0387164	0.0273244	0.1397920	0.0710926	0.0676975
0.0494823	0.0981909	0.0765592	0.0518329	0.0352892	0.1001840	0.0162759	0.0570995	0.0251726	0.0737622	0.0500179	0.0370150	0.0310640	0.1422880	0.0774220	0.0783444
0.0490115	0.0986114	0.0750177	0.0579842	0.0352436	0.1106140	0.0153271	0.0625147	0.0259473	0.0790480	0.0499823	0.0420981	0.0275065	0.1268240	0.0712226	0.0730466
0.0505081	0.0940968	0.0848375	0.0507755	0.0323573	0.0985426	0.0179837	0.0554887	0.0249365	0.0705308	0.0519789	0.0391429	0.0311873	0.1390890	0.0800909	0.0784530
0.0488464	0.0987321	0.0780157	0.0534885	0.0334650	0.1008450	0.0163514	0.0531767	0.0225871	0.0715374	0.0463521	0.0370678	0.0304164	0.1528790	0.0753135	0.0809257
0.0496123	0.0938611	0.0850289	0.0477759	0.0352125	0.1049380	0.0173731	0.0520317	0.0238442	0.0737480	0.0508949	0.0346878	0.0306943	0.1466800	0.0798403	0.0737772
0.0482228	0.1068390	0.0756807	0.0513752	0.0286001	0.1156570	0.0159905	0.0516950	0.0232091	0.0826480	0.0464181	0.0370523	0.0248310	0.1528460	0.0705866	0.0683480
0.0515115	0.0991019	0.0773463	0.0564129	0.0315267	0.1022320	0.0155262	0.0539780	0.0246964	0.0739312	0.0466734	0.0402542	0.0294713	0.1435930	0.0728877	0.0808563
0.0510114	0.0976757	0.0769754	0.0514845	0.0304294	0.1045660	0.0183345	0.0559498	0.0231843	0.0756447	0.0481725	0.0357819	0.0295127	0.1433350	0.0780400	0.0799030
0.0470472	0.1003180	0.0784208	0.0483216	0.0304059	0.1110480	0.0170379	0.0511348	0.0229340	0.0788174	0.0494902	0.0356569	0.0270480	0.1534520	0.0775641	0.0713032
0.0506639	0.0984303	0.0823112	0.0519017	0.0318161	0.1031840	0.0180320	0.0536176	0.0242208	0.0729718	0.0505232	0.0362327	0.0289749	0.1418930	0.0809891	0.0742377
0.0492909	0.1025100	0.0839127	0.0540184	0.0301377	0.1012930	0.0165462	0.0531841	0.0226641	0.0696955	0.0477266	0.0367422	0.0295467	0.1425890	0.0807147	0.0794285
0.0494081	0.0982056	0.0806376	0.0558435	0.0316052	0.1073420	0.0163624	0.0570648	0.0226490	0.0751965	0.0503789	0.0389722	0.0269001	0.1379920	0.0762926	0.0751495
0.0425561	0.0872422	0.0683435	0.0435985	0.0502379	0.1119650	0.0245864	0.0586449	0.0318378	0.0783594	0.0584183	0.0351462	0.0324722	0.1334240	0.0780875	0.0650804
0.0474213	0.0993409	0.0782622	0.0498491	0.0324972	0.1091140	0.0173462	0.0525719	0.0230640	0.0765548	0.0500760	0.0357305	0.0287478	0.1488670	0.0774794	0.0730776
0.0438357	0.0955875	0.0639231	0.0543531	0.0364334	0.1264170	0.0162979	0.0679694	0.0332541	0.0879444	0.0512701	0.0468063	0.0245030	0.1221620	0.0594110	0.0698320
0.0524827	0.1015000	0.0805518	0.0499078	0.0310891	0.1013410	0.0160532	0.0508297	0.0227923	0.0733359	0.0494310	0.0371289	0.0298493	0.1472760	0.0805836	0.0758472
0.0488769	0.1023630	0.0774859	0.0540353	0.0311334	0.1043020	0.0154021	0.0539987	0.0246579	0.0751079	0.0489134	0.0379381	0.0275481	0.1433750	0.0767542	0.0781079
0.0484054	0.0959880	0.0809499	0.0526898	0.0336227	0.1038760	0.0185847	0.0512428	0.0246851	0.0748212	0.0520372	0.0380774	0.0290262	0.1419530	0.0791624	0.0748780
0.0488308	0.0982597	0.0839962	0.0479337	0.0333114	0.1017280	0.0178219	0.0524191	0.0226661	0.0735004	0.0498475	0.0349261	0.0331021	0.1474490	0.0801986	0.0740087
0.0494419	0.0977746	0.0833501	0.0508238	0.0298039	0.1031960	0.0175146	0.0530243	0.0228526	0.0755626	0.0515712	0.0367908	0.0275382	0.1447250	0.0802126	0.0758176
0.0469625	0.0977219	0.0768393	0.0519731	0.0304058	0.1100150	0.0159031	0.0542139	0.0224698	0.0774928	0.0504793	0.0382174	0.0275115	0.1471120	0.0765592	0.0761235
0.0448962	0.0958016	0.0819039	0.0509848	0.0313691	0.1074490	0.0192450	0.0574439	0.0222628	0.0787802	0.0549026	0.0382783	0.0258895	0.1391090	0.0776684	0.0740152
0.0491526	0.0978345	0.0808319	0.0526418	0.0313192	0.1088560	0.0179442	0.0553002	0.0238979	0.0798903	0.0543310	0.0390452	0.0250609	0.1355510	0.0762350	0.0721090
0.0482753	0.1033000	0.0691892	0.0563951	0.0369117	0.1162760	0.0154134	0.0589942	0.0245406	0.0794447	0.0471672	0.0397727	0.0284695	0.1350740	0.0680408	0.0727353
0.0493717	0.0979141	0.0795752	0.0520508	0.0329464	0.1040380	0.0188174	0.0590036	0.0248772	0.0698794	0.0520827	0.0390381	0.0274606	0.1383240	0.0781081	0.0765134
0.0464803	0.1056230	0.0619946	0.0571993	0.0326271	0.1092270	0.0144174	0.0524666	0.0236319	0.0777910	0.0491444	0.0380179	0.0303705	0.1443930	0.0795148	0.0771015
0.0510813	0.0994995	0.0770070	0.0525894	0.0331772	0.1011680	0.0158506	0.0558301	0.0256369	0.0746326	0.0496695	0.0367067	0.0320221	0.1439710	0.0773599	0.0737984
0.0519906	0.0963736	0.0817296	0.0522312	0.0314530	0.1016060	0.0169593	0.0527724	0.0235446	0.0719870	0.0518703	0.0375571	0.0298593	0.1425310	0.0803765	0.0771590
0.0512793	0.1025060	0.0779478	0.0526246	0.0292271	0.1056710	0.0166447	0.0553416	0.0233975	0.0813506	0.0506990	0.0375099	0.0273279	0.1394090	0.0759694	0.0730942
0.0479000	0.0974154	0.0812949	0.0528120	0.0320433	0.1048660	0.0172414	0.0499440	0.0235709	0.0730533	0.0512626	0.0353728	0.0299334	0.1512820	0.0785917	0.0734160
0.0502565	0.0979004	0.0870939	0.0506128	0.0304959	0.1011070	0.0174805	0.0508503	0.0211144	0.0724397	0.0504465	0.0367661	0.0288571	0.1486560	0.0822725	0.0736510
0.0520761	0.0934119	0.0820052	0.0513299	0.0329940	0.1006880	0.0192154	0.0543148	0.0249187	0.0709717	0.0543948	0.0365386	0.0296359	0.1421300	0.0823783	0.0729972
0.0496403	0.1031560	0.0857972	0.0489441	0.0278255	0.1024370	0.0155256	0.0514040	0.0207937	0.0777675	0.0501508	0.0357159	0.0288002	0.1482250	0.0795312	0.0742864
0.0484870	0.0966970	0.0788983	0.0563416	0.0332310	0.1033180	0.0175721	0.0601682	0.0231106	0.0749459	0.0496199	0.0387191	0.0260057	0.1357690	0.0759025	0.0812144
0.0469362	0.0985878	0.0841757	0.0492093	0.0316656	0.1065560	0.0189220	0.0512889	0.0230691	0.0759781	0.0549524	0.0361755	0.0271074	0.1433600	0.0810562	0.0709605
0.0460206	0.1027610	0.0752391	0.0495037	0.0316188	0.1114780	0.0169825	0.0511640	0.0230103	0.0801841	0.0499910	0.0348493	0.0269085	0.1538530	0.0760873	0.0703483
0.0461892	0.1009230	0.0765738	0.0492068	0.0305638	0.1118430	0.0175525	0.0507604	0.0231245	0.0779033	0.0513579	0.0359864	0.0260375	0.1520870	0.0781572	0.0717337
0.0531462	0.0967568	0.0798405	0.0526883	0.0338056	0.1020630	0.0165392	0.0522842	0.0239737	0.0714363	0.0518532	0.0347753	0.0296035	0.1439770	0.0807564	0.0765004
0.0501169	0.1077220	0.0714494	0.0501169	0.0340809	0.1151010	0.0141730	0.0534410	0.0245470	0.0765634	0.0431400	0.0359804	0.0302820	0.1554650	0.0681254	0.0696961
0.0449913	0.0934049	0.0800899	0.0515613	0.0370722	0.1070950	0.0195353	0.0542343	0.0255309	0.0729203	0.0545841	0.0361979	0.0301024	0.1374720	0.0840120	0.0711966
0.0459499	0.0964161	0.0776807	0.0493590	0.0351690	0.1090620	0.0196678	0.0557984	0.0244464	0.0789044	0.0508159	0.0367133	0.0277681	0.1449010	0.0773019	0.0700466
0.0481254	0.0979424	0.0821653	0.0522682	0.0323828	0.1003250	0.0186425	0.0517849	0.0225782	0.0711179	0.0494373	0.0352137	0.0306912	0.1471730	0.0821998	0.0779535
0.0509178	0.0973635	0.0735414	0.0542207	0.0335555	0.1068050	0.0157839	0.0565883	0.0247282	0.0763767	0.0492225	0.0397521	0.0305448	0.1453000	0.0708231	0.0744768
0.0480100	0.0996599	0.0810883	0.0521016	0.0309262	0.1040170	0.0187311	0.0549179	0.0234603	0.0789096	0.0512248	0.0371433	0.0264360	0.1433390	0.0764918	0.0735427
0.0397885	0.0863012	0.0609813	0.0403450	0.0628826	0.1144040	0.0280096	0.0444259	0.0341773	0.0668707	0.0650158	0.0301892	0.0420145	0.1355500	0.0905676	0.0584771
0.0481975	0.1008290	0.0835616	0.0481615	0.0328046	0.1033170	0.0170512	0.0532084	0.0219178	0.0753785	0.0506849	0.0355443	0.0279380	0.1455300	0.0800649	0.0758111
0.0482145	0.1012290	0.0766466	0.0507354	0.0300178	0.1123040	0.0161744	0.0549843	0.0229157	0.0809763	0.0489361	0.0365597	0.0261201	0.1470550	0.0749518	0.0721793
0.0474811	0.0982012	0.0780514	0.0477054	0.0320403	0.1087460	0.0175212	0.0512931	0.0233949	0.0769863	0.0509505	0.0342016	0.0291626	0.1538790	0.0785995	0.0717854
0.0484014	0.0938898	0.0799776	0.0509415	0.0339066	0.1041670	0.0181068	0.0539243	0.0238395	0.0720311	0.0549264	0.0365865	0.0305509	0.1429670	0.0828673	0.0729167
0.0464573	0.0949774	0.0859005	0.0464298	0.0325393	0.1107110	0.0184564	0.0553141	0.0245902	0.0790516	0.0567719	0.0352624	0.0262680	0.1413800	0.0796017	0.0662889
0.0475775	0.1036670	0.0766438	0.0487282	0.0299393	0.1183680	0.0161898	0.0528352	0.0230546	0.0851752	0.0502163	0.0369628	0.0239475	0.1475740	0.0723582	0.0667632
0.0503992	0.1017490	0.0806767	0.0515940	0.0278608	0.1015320	0.0148808	0.0502634	0.0212350	0.0792103	0.0461902	0.0363059	0.0278336	0.1596430	0.0744311	0.0761962
0.0506014	0.1014760	0.0791689	0.0524057	0.0293330	0.1027610	0.0170038	0.0546200	0.0225806	0.0777747	0.0479497	0.0374248	0.0279114	0.1448330	0.0812739	0.0728814
0.0505817	0.1017170	0.0820776	0.0499169	0.0329917	0.1125480	0.0170083	0.0517729	0.0229363	0.0740720	0.0484488	0.0344875	0.0272022	0.1427980	0.0786981	0.0727424
0.0487623	0.0941120	0.0804855	0.0565008	0.0328286	0.1093970	0.0179043	0.0628455	0.0239366	0.0755588	0.0526796	0.0405431	0.0247537	0.1295360	0.0737323	0.0764239
0.0479659	0.0959319	0.0755914	0.0549651	0.0338247	0.1018170	0.0189121	0.0588504	0.0226260	0.0742772	0.0496800	0.0396812	0.0267112	0.1422120	0.0786196	0.0783339
0.0504087	0.1028250	0.0793452	0.0524874	0.0329759	0.1019980	0.0165116	0.0525818	0.0234799	0.0775263	0.0477158	0.0366136	0.0290547	0.1450840	0.0774319	0.0739595
0.0454769	0.0991352	0.0777357	0.0515945	0.0318166	0.1133610	0.0178124	0.0540023	0.0233158	0.0793081	0.0491868	0.0382536	0.0256990	0.1472160	0.0732151	0.0728711
0.0430221	0.1020150	0.0751197	0.0509295	0.0316640	0.1215230	0.0193695	0.0576056	0.0226122	0.0881251	0.0535479	0.0397101	0.0214504	0.1332450	0.0730561	0.0670042
0.0465914	0.0991589	0.0833333	0.0561089	0.0284418	0.1074590	0.0194223	0.0561089	0.0230744	0.0748672	0.0505755	0.0410027	0.0262284	0.1382250	0.0747565	0.0746459
0.0511683	0.0921030	0.0799807	0.0532326	0.0346539	0.1046210	0.0184909	0.0606992	0.0251669	0.0743148	0.0522224	0.0392656	0.0278461	0.1335650	0.0783995	0.0742709
0.0497673	0.0981955	0.0832111	0.0507237	0.0309252	0.1056240	0.0177262	0.0516802	0.0255372	0.0738698	0.0536887	0.0374609	0.0280877	0.1397050	0.0786839	0.0751132
0.0473547	0.0904202	0.0911822	0.0444045	0.0349445	0.1093400	0.0227629	0.0505116	0.0253320	0.0746244	0.0614958	0.0348356	0.0265622	0.1320490	0.0908556	0.0633246
0.0475127	0.1005340	0.0723853	0.0551322	0.0310847	0.1133460	0.0160398	0.0609075	0.0234166	0.0801262	0.0487018	0.0411793	0.0252851	0.1398930	0.0713176	0.0731376
0.0459065	0.0992355	0.0734366	0.0524033	0.0315071	0.1102060	0.0173135	0.0578716	0.0218904	0.0777222	0.0481692	0.0376954	0.0254731	0.1516040	0.0730767	0.0764879
0.0543812	0.0966884	0.0846785	0.0535806	0.0299129	0.0994748	0.0174225	0.0517871	0.0242762	0.0695619	0.0487125	0.0382078	0.0295606	0.1433190	0.0802908	0.0781450
0.0420508	0.0926418	0.0806798	0.0473390	0.0312482	0.1085060	0.0212375	0.0622137	0.0245178	0.0806515	0.0604038	0.0395622	0.0255359	0.1354560	0.0790396	0.0689158
0.0453995	0.1004730	0.0819533	0.0535786	0.0309193	0.1090960	0.0190847	0.0552145	0.0216294	0.0774093	0.0514177	0.0387350	0.0258300	0.1396520	0.0783585	0.0712497
0.0491069	0.0962350	0.0825131	0.0520752	0.0315836	0.1056080	0.0180961	0.0511378	0.0251523	0.0743894	0.0547831	0.0353851	0.0284591	0.1424260	0.0799354	0.0731136
0.0485008	0.0968150	0.0835234	0.0493302	0.0288848	0.1030980	0.0174180	0.0520673	0.0219176	0.0770331	0.0516319	0.0348567	0.0278273	0.1507280	0.0790445	0.0773234
0.0505691	0.0908130	0.0774797	0.0534146	0.0332520	0.1019510	0.0200813	0.0552846	0.0247154	0.0762602	0.0567480	0.0379675	0.0331707	0.1307320	0.0783740	0.0791870
0.0509028	0.0979932	0.0797853	0.0547761	0.0317799	0.1015010	0.0186044	0.0569416	0.0243687	0.0707576	0.0515737	0.0397096	0.0284555	0.1380690	0.0786568	0.0761254
0.0462809	0.0998515	0.0795173	0.0504455	0.0311448	0.1109900	0.0171968	0.0555693	0.0235520	0.0799938	0.0515903	0.0364851	0.0253032	0.1450930	0.0765965	0.0703899
0.0487116	0.0977336	0.0775225	0.0526855	0.0306427	0.1059610	0.0183173	0.0564111	0.0251164	0.0759391	0.0511332	0.0365104	0.0274759	0.1414470	0.0789817	0.0754114
0.0494145	0.0956056	0.0800509	0.0527561	0.0336231	0.1029990	0.0165306	0.0589662	0.0250177	0.0698782	0.0528744	0.0377928	0.0285368	0.1378930	0.0807310	0.0773303
0.0504104	0.1009450	0.0738330	0.0583700	0.0322527	0.1015260	0.0159605	0.0572506	0.0231324	0.0742890	0.0458917	0.0404610	0.0286046	0.1452620	0.0719675	0.0798441
0.0465024	0.1005990	0.0781074	0.0545753	0.0313345	0.1103160	0.0174774	0.0556365	0.0218676	0.0791062	0.0527236	0.0385336	0.0261745	0.1416090	0.0750073	0.0704299
0.0420486	0.0878978	0.0789552	0.0505067	0.0335159	0.1064350	0.0230084	0.0736083	0.0248901	0.0791415	0.0607534	0.0435018	0.0241076	0.1245990	0.0745212	0.0725091
0.0462658	0.0965989	0.0891480	0.0450386	0.0301543	0.1045580	0.0196529	0.0510519	0.0226508	0.0786641	0.0557504	0.0340112	0.0257714	0.1460900	0.0850281	0.0695652
0.0497001	0.1011640	0.0711729	0.0553455	0.0354353	0.1139670	0.0159030	0.0588487	0.0255305	0.0798427	0.0473562	0.0390141	0.0285045	0.1353900	0.0712233	0.0716014
0.0461885	0.1010490	0.0808763	0.0477577	0.0289685	0.1097830	0.0176330	0.0544681	0.0229187	0.0796374	0.0504419	0.0362777	0.0255823	0.1495710	0.0765403	0.0723076
0.0497747	0.0983917	0.0828405	0.0531228	0.0311728	0.1041490	0.0167011	0.0522623	0.0233346	0.0740402	0.0504318	0.0363121	0.0294205	0.1451310	0.0783973	0.0745174
0.0492728	0.0991926	0.0781792	0.0530770	0.0308990	0.1062830	0.0160965	0.0557683	0.0232648	0.0772734	0.0509290	0.0374463	0.0297086	0.1401070	0.0753843	0.0771182
0.0480300	0.0933070	0.0848003	0.0494684	0.0325217	0.1033000	0.0201665	0.0545553	0.0230815	0.0731024	0.0546315	0.0369323	0.0284732	0.1414130	0.0827999	0.0734168
0.0516236	0.0986787	0.0787180	0.0529238	0.0307141	0.0964647	0.0153922	0.0539781	0.0230180	0.0753795	0.0457900	0.0366531	0.0301167	0.1503020	0.0780503	0.0821971
0.0486178	0.0981993	0.0754755	0.0533857	0.0330459	0.1036270	0.0168907	0.0552625	0.0236875	0.0746640	0.0516104	0.0386761	0.0293431	0.1477300	0.0740553	0.0757291
0.0480144	0.0964415	0.0895307	0.0504384	0.0294997	0.1047190	0.0184116	0.0530944	0.0233883	0.0731305	0.0575039	0.0365652	0.0246003	0.1362560	0.0906911	0.0677153
0.0473945	0.0962676	0.0783848	0.0532489	0.0326087	0.1087360	0.0184023	0.0586237	0.0244765	0.0753277	0.0516504	0.0396020	0.0275935	0.1357700	0.0769461	0.0749680
0.0518050	0.0988042	0.0801105	0.0543404	0.0314085	0.0991448	0.0169908	0.0524483	0.0238023	0.0699690	0.0496481	0.0353440	0.0280027	0.1464090	0.0806024	0.0811701
0.0466690	0.0996437	0.0783755	0.0540435	0.0313858	0.1062340	0.0178126	0.0598504	0.0248308	0.0729248	0.0516922	0.0394727	0.0265408	0.1401140	0.0729248	0.0774849
0.0495133	0.1000250	0.0800574	0.0549420	0.0313241	0.1067950	0.0155997	0.0511981	0.0233683	0.0759079	0.0514788	0.0378136	0.0276114	0.1446710	0.0761575	0.0735368
0.0466937	0.0977056	0.0765339	0.0511408	0.0344805	0.1007990	0.0182070	0.0545566	0.0235886	0.0720547	0.0521075	0.0371552	0.0291957	0.1471710	0.0814321	0.0771784
0.0496143	0.0987414	0.0830694	0.0548112	0.0303289	0.0991880	0.0163622	0.0531872	0.0246041	0.0750305	0.0491677	0.0367032	0.0286642	0.1424690	0.0773447	0.0807146
0.0513508	0.0963780	0.0841610	0.0546616	0.0323136	0.0972719	0.0165210	0.0543306	0.0241028	0.0714144	0.0532380	0.0363528	0.0291021	0.1433920	0.0792941	0.0761157
0.0471177	0.1024040	0.0821220	0.0533296	0.0299416	0.1065660	0.0170829	0.0541682	0.0238850	0.0739533	0.0535160	0.0376134	0.0286682	0.1340850	0.0818735	0.0736737
0.0451227	0.0980701	0.0849530	0.0542477	0.0310019	0.1099100	0.0174514	0.0602929	0.0220139	0.0757596	0.0523086	0.0398531	0.0233370	0.1328360	0.0784743	0.0743681
0.0493344	0.0948957	0.0884886	0.0506870	0.0323557	0.0996654	0.0180822	0.0535346	0.0231366	0.0712608	0.0531430	0.0370542	0.0289386	0.1391760	0.0826867	0.0775610
0.0498629	0.1042450	0.0794404	0.0542551	0.0310247	0.1052600	0.0173403	0.0515639	0.0218341	0.0759368	0.0479588	0.0361531	0.0281558	0.1479640	0.0743374	0.0746674
0.0523186	0.0990327	0.0803129	0.0547084	0.0304125	0.1023900	0.0160171	0.0540541	0.0241252	0.0737127	0.0524324	0.0403129	0.0267425	0.1411950	0.0753343	0.0768990
0.0461067	0.0967963	0.0782294	0.0471132	0.0340929	0.1112510	0.0197661	0.0551653	0.0247559	0.0797499	0.0555936	0.0374764	0.0272186	0.1392200	0.0773085	0.0701559
0.0470484	0.0979784	0.0857083	0.0506174	0.0283697	0.1090240	0.0167509	0.0564268	0.0229250	0.0779190	0.0529360	0.0368363	0.0258949	0.1414580	0.0784140	0.0716928
0.0485107	0.0957333	0.0816262	0.0515898	0.0299736	0.0972414	0.0165892	0.0559884	0.0247267	0.0737715	0.0530979	0.0396506	0.0289682	0.1466000	0.0781702	0.0777617
0.0486905	0.1031550	0.0768452	0.0503968	0.0338294	0.1123210	0.0175198	0.0528968	0.0230952	0.0822817	0.0503373	0.0362103	0.0281151	0.1410710	0.0724206	0.0708135
0.0478009	0.0955519	0.0754081	0.0568119	0.0323249	0.1140980	0.0178224	0.0623284	0.0279816	0.0799261	0.0533922	0.0458290	0.0230143	0.1260300	0.0707404	0.0709400
0.0498535	0.0975372	0.0779267	0.0541120	0.0328740	0.1058910	0.0177661	0.0580720	0.0230823	0.0753770	0.0491212	0.0378377	0.0278561	0.1390090	0.0757025	0.0779809
0.0487578	0.0923964	0.0849860	0.0534832	0.0329348	0.1003080	0.0174340	0.0569557	0.0218372	0.0680891	0.0522303	0.0395217	0.0299993	0.1385410	0.0815852	0.0809408
0.0494134	0.0953342	0.0839291	0.0499591	0.0310232	0.1042840	0.0187995	0.0524693	0.0237653	0.0745157	0.0556344	0.0363438	0.0289768	0.1378990	0.0819645	0.0756889
0.0489522	0.0989522	0.0789456	0.0540602	0.0330059	0.1087100	0.0155861	0.0586117	0.0264244	0.0737721	0.0544204	0.0387033	0.0273739	0.1314340	0.0769483	0.0740995
0.0455596	0.1028070	0.0672769	0.0547871	0.0336664	0.1300050	0.0163672	0.0661025	0.0243084	0.0890873	0.0481881	0.0441802	0.0218850	0.1284950	0.0618895	0.0653941
0.0425800	0.0972977	0.0871229	0.0449683	0.0287574	0.1105480	0.0199077	0.0521822	0.0219689	0.0811686	0.0568606	0.0348426	0.0238664	0.1446870	0.0842439	0.0689982
0.0480239	0.1010110	0.0812997	0.0467908	0.0295703	0.1103400	0.0168753	0.0505210	0.0220482	0.0795610	0.0494482	0.0348172	0.0272088	0.1539490	0.0778778	0.0706579
0.0494559	0.0991783	0.0756578	0.0543638	0.0329758	0.1085080	0.0166055	0.0570295	0.0241007	0.0777746	0.0498322	0.0402672	0.0273309	0.1389590	0.0723492	0.0756108
0.0517772	0.1018050	0.0751149	0.0551082	0.0318548	0.1124720	0.0154531	0.0579542	0.0240334	0.0777080	0.0464224	0.0383480	0.0275119	0.1372850	0.0733651	0.0737867
0.0449959	0.1004550	0.0756617	0.0449338	0.0343672	0.1144540	0.0190653	0.0503929	0.0241935	0.0787014	0.0479942	0.0336022	0.0296526	0.1544870	0.0761166	0.0709264
0.0480563	0.0987429	0.0767208	0.0541414	0.0327880	0.1137880	0.0168286	0.0592457	0.0248306	0.0773226	0.0500847	0.0405225	0.0253878	0.1348070	0.0742020	0.0725303
0.0510380	0.1082180	0.0729640	0.0528805	0.0311080	0.1072040	0.0145560	0.0505159	0.0237379	0.0770790	0.0430230	0.0359600	0.0315379	0.1538200	0.0729026	0.0734553
0.0492409	0.1000350	0.0808371	0.0534029	0.0300721	0.1061610	0.0177912	0.0565098	0.0208981	0.0767630	0.0499443	0.0390117	0.0263790	0.1452020	0.0748578	0.0728941
0.0488280	0.0973981	0.0828987	0.0483552	0.0306321	0.1036450	0.0188406	0.0515216	0.0232392	0.0752192	0.0544587	0.0368789	0.0277523	0.1450940	0.0832426	0.0719955
0.0457564	0.0951753	0.0807696	0.0566950	0.0292509	0.1039160	0.0170915	0.0573298	0.0239281	0.0766676	0.0482957	0.0380897	0.0282254	0.1403460	0.0789140	0.0795488
0.0488628	0.0971020	0.0855099	0.0579237	0.0303008	0.1012840	0.0172047	0.0567498	0.0233309	0.0721203	0.0512106	0.0361702	0.0280998	0.1368310	0.0793470	0.0779530
0.0503747	0.0957433	0.0834015	0.0553806	0.0276116	0.0995214	0.0155532	0.0562307	0.0216926	0.0761917	0.0506265	0.0377810	0.0258800	0.1415210	0.0801587	0.0823311
0.0518603	0.0953655	0.0856397	0.0540144	0.0299282	0.1002940	0.0166775	0.0533290	0.0227807	0.0705614	0.0478786	0.0386097	0.0279700	0.1426890	0.0801240	0.0822781
0.0479645	0.0990804	0.0803108	0.0458041	0.0341697	0.1077220	0.0184723	0.0494906	0.0251913	0.0765846	0.0525826	0.0329805	0.0308202	0.1497600	0.0802910	0.0687755
0.0513121	0.0962296	0.0770456	0.0521751	0.0315971	0.1027350	0.0170377	0.0557596	0.0247821	0.0718016	0.0509802	0.0381024	0.0312873	0.1435590	0.0778422	0.0777537
0.0473879	0.0997622	0.0851331	0.0519450	0.0291592	0.1026680	0.0175682	0.0545869	0.0221914	0.0754243	0.0489400	0.0373159	0.0272769	0.1443100	0.0804438	0.0758867
0.0515269	0.0971139	0.0781284	0.0529116	0.0341812	0.0990817	0.0189126	0.0561548	0.0252168	0.0712412	0.0493769	0.0374244	0.0335981	0.1350850	0.0827928	0.0772538
0.0474235	0.0986823	0.0795555	0.0521192	0.0329187	0.1020010	0.0169633	0.0574540	0.0234290	0.0756220	0.0489232	0.0396548	0.0285918	0.1440900	0.0750811	0.0774904
0.0447179	0.0912179	0.0813332	0.0494515	0.0314641	0.1094280	0.0192126	0.0620092	0.0232778	0.0758479	0.0554937	0.0376176	0.0268141	0.1367430	0.0809434	0.0744278
0.0440384	0.0944763	0.0795442	0.0508027	0.0316886	0.1160600	0.0205456	0.0630684	0.0232963	0.0834456	0.0548164	0.0410071	0.0230156	0.1325360	0.0748288	0.0668295
0.0426955	0.0958217	0.0826238	0.0458582	0.0297105	0.1159230	0.0207700	0.0528220	0.0211653	0.0858168	0.0568970	0.0362486	0.0237197	0.1463930	0.0790050	0.0645299
0.0508785	0.0991615	0.0819912	0.0538733	0.0322441	0.0996606	0.0171702	0.0518102	0.0235924	0.0731399	0.0504792	0.0348729	0.0301477	0.1442830	0.0820245	0.0746706
0.0499056	0.1003720	0.0792705	0.0538602	0.0302208	0.1000470	0.0176189	0.0548932	0.0238461	0.0736926	0.0480758	0.0388974	0.0291878	0.1450540	0.0762307	0.0788278
0.0472380	0.0961756	0.0847734	0.0474504	0.0314212	0.1068930	0.0200189	0.0515109	0.0219783	0.0771010	0.0513220	0.0317989	0.0279509	0.1509680	0.0825779	0.0708215
0.0502306	0.1019690	0.0809189	0.0477767	0.0314274	0.1059310	0.0167632	0.0517975	0.0220258	0.0703642	0.0517088	0.0366012	0.0278796	0.1521700	0.0792337	0.0732025
0.0517987	0.0985149	0.0835556	0.0478336	0.0321895	0.0993800	0.0165814	0.0514383	0.0256651	0.0720929	0.0506813	0.0349650	0.0303150	0.1468530	0.0796626	0.0784731
0.0491545	0.0976730	0.0812234	0.0554005	0.0323692	0.1043780	0.0173772	0.0565401	0.0227221	0.0719826	0.0493577	0.0386151	0.0280845	0.1407500	0.0777515	0.0766207
0.0483243	0.0961081	0.0763243	0.0554054	0.0329189	0.1047030	0.0190811	0.0574054	0.0262162	0.0755676	0.0532432	0.0363243	0.0281081	0.1401080	0.0742162	0.0759459
0.0461066	0.0985005	0.0819411	0.0504457	0.0315249	0.1077690	0.0199244	0.0559065	0.0224039	0.0776610	0.0503572	0.0381368	0.0270382	0.1427480	0.0778381	0.0716984
0.0470858	0.0938916	0.0789259	0.0484856	0.0392212	0.1055230	0.0213795	0.0517434	0.0258844	0.0732502	0.0540087	0.0342072	0.0305930	0.1386870	0.0851362	0.0719776
0.0499529	0.1019410	0.0757358	0.0532036	0.0317634	0.1077470	0.0182391	0.0527073	0.0236240	0.0757854	0.0498040	0.0378927	0.0288352	0.1444490	0.0732294	0.0750906
0.0506781	0.0972878	0.0764189	0.0527624	0.0329985	0.1060770	0.0167755	0.0567805	0.0235811	0.0749372	0.0490457	0.0384731	0.0281015	0.1454040	0.0725013	0.0781768
0.0491787	0.0969616	0.0748555	0.0556061	0.0336298	0.1055960	0.0159060	0.0580082	0.0236642	0.0752775	0.0469389	0.0394404	0.0301565	0.1460430	0.0732974	0.0754398
0.0503225	0.0943547	0.0839597	0.0537609	0.0299856	0.1021910	0.0187377	0.0551202	0.0230823	0.0735114	0.0509089	0.0371822	0.0281465	0.1418790	0.0809745	0.0758836
0.0323925	0.0957880	0.0538229	0.0611104	0.0289032	0.1084490	0.0150383	0.0585783	0.0215230	0.0745430	0.0469676	0.0427680	0.0287488	0.1566820	0.0838377	0.0908473
0.0469136	0.0985854	0.0849794	0.0462963	0.0325360	0.1024690	0.0183385	0.0524691	0.0227881	0.0778035	0.0512860	0.0371142	0.0284208	0.1470420	0.0803498	0.0726080
0.0496013	0.1000510	0.0817343	0.0530301	0.0320325	0.1069430	0.0164742	0.0537226	0.0229522	0.0777023	0.0503719	0.0372708	0.0271517	0.1388860	0.0780262	0.0740501
0.0509552	0.0954947	0.0710294	0.0528372	0.0388366	0.1031650	0.0184773	0.0533790	0.0279441	0.0709438	0.0498717	0.0355860	0.0350727	0.1414030	0.0787283	0.0762760
0.0503500	0.0952477	0.0826265	0.0561389	0.0302908	0.1046380	0.0163234	0.0589324	0.0235258	0.0759289	0.0524367	0.0390078	0.0260164	0.1347940	0.0774098	0.0763328
0.0473232	0.1041780	0.0778655	0.0491136	0.0305599	0.1123050	0.0161664	0.0523784	0.0222924	0.0814639	0.0472880	0.0356679	0.0266983	0.1518690	0.0737757	0.0710549
0.0451570	0.0997986	0.0826758	0.0611046	0.0284539	0.1030720	0.0169548	0.0614403	0.0218231	0.0714286	0.0532986	0.0433104	0.0259359	0.1284200	0.0756253	0.0815008
0.0468395	0.0938412	0.0916261	0.0507834	0.0262021	0.0994598	0.0184765	0.0495408	0.0213938	0.0711507	0.0576445	0.0377634	0.0277147	0.1450030	0.0861156	0.0764452
0.0442978	0.0981443	0.0864787	0.0460544	0.0269570	0.1083690	0.0191424	0.0530132	0.0217548	0.0808035	0.0556031	0.0347942	0.0236465	0.1478020	0.0830331	0.0701063
0.0500344	0.0943037	0.0876131	0.0488972	0.0301476	0.1014700	0.0193844	0.0528640	0.0225049	0.0743111	0.0550590	0.0350664	0.0293278	0.1416410	0.0848099	0.0725657
0.0473610	0.0979822	0.0784430	0.0510397	0.0316988	0.1130060	0.0178870	0.0548066	0.0231959	0.0798308	0.0544541	0.0366112	0.0263680	0.1412680	0.0749185	0.0711296
0.0497120	0.0975909	0.0810539	0.0496717	0.0318052	0.1034520	0.0166177	0.0500544	0.0240503	0.0761793	0.0528341	0.0364380	0.0299118	0.1454500	0.0813157	0.0738629
0.0519048	0.0955060	0.0815179	0.0524405	0.0339881	0.1035420	0.0175000	0.0543750	0.0255060	0.0737202	0.0521131	0.0355952	0.0293750	0.1389580	0.0786905	0.0752679
0.0485453	0.0992379	0.0809019	0.0505873	0.0290725	0.1081640	0.0168624	0.0507979	0.0238306	0.0801650	0.0545240	0.0364195	0.0260200	0.1460150	0.0761863	0.0726706
0.0390003	0.0897181	0.0680777	0.0479505	0.0530742	0.1218870	0.0242131	0.0590410	0.0309798	0.0794492	0.0588032	0.0399732	0.0301799	0.1239190	0.0752335	0.0585005
0.0494644	0.1018840	0.0784184	0.0498083	0.0302367	0.1063810	0.0161531	0.0527241	0.0225800	0.0770299	0.0488958	0.0356189	0.0287424	0.1520830	0.0761637	0.0738165
0.0498950	0.1018900	0.0776121	0.0484947	0.0290968	0.1066470	0.0164120	0.0511923	0.0225691	0.0782711	0.0481652	0.0366542	0.0277995	0.1569330	0.0743791	0.0739879
0.0454641	0.1036340	0.0759216	0.0513464	0.0311634	0.1080520	0.0170458	0.0562092	0.0229542	0.0789020	0.0487059	0.0384314	0.0240784	0.1493590	0.0746928	0.0740392
0.0476218	0.0951005	0.0836243	0.0494534	0.0318242	0.1050880	0.0195181	0.0598420	0.0255853	0.0746952	0.0568657	0.0394940	0.0264438	0.1359110	0.0768416	0.0720909
0.0477494	0.1001080	0.0790727	0.0497204	0.0318239	0.1099720	0.0167463	0.0537435	0.0226773	0.0791088	0.0504781	0.0361988	0.0278730	0.1465720	0.0765425	0.0716128
0.0462571	0.0942763	0.0796239	0.0513391	0.0287484	0.1077600	0.0182506	0.0561614	0.0224052	0.0813488	0.0516544	0.0380592	0.0256696	0.1429070	0.0805141	0.0750241
0.0434639	0.0979905	0.0853547	0.0463311	0.0291282	0.1163100	0.0200700	0.0533594	0.0222014	0.0827920	0.0569370	0.0357252	0.0236222	0.1425450	0.0785801	0.0655892
0.0461414	0.0938720	0.0828315	0.0497379	0.0327311	0.1013160	0.0204639	0.0511040	0.0243114	0.0758894	0.0563734	0.0358816	0.0267648	0.1450320	0.0835564	0.0739935
0.0469243	0.0952515	0.0844147	0.0521498	0.0338430	0.0998808	0.0191836	0.0535176	0.0229361	0.0691590	0.0541839	0.0367539	0.0294592	0.1370200	0.0851512	0.0801711
0.0459578	0.0989072	0.0747331	0.0481685	0.0340954	0.1105360	0.0171106	0.0512959	0.0241022	0.0791545	0.0529494	0.0353535	0.0275711	0.1510300	0.0769618	0.0720730
0.0471828	0.0883450	0.0684183	0.0497677	0.0380538	0.1018260	0.0170146	0.0498004	0.0248675	0.0740462	0.0544140	0.0370395	0.0350435	0.1461950	0.0901119	0.0778745
0.0470997	0.0997532	0.0790955	0.0493662	0.0302656	0.1112640	0.0169725	0.0544470	0.0223071	0.0805488	0.0515346	0.0367017	0.0256001	0.1473370	0.0751912	0.0725153
0.0498608	0.0981132	0.0819363	0.0529230	0.0333127	0.1020410	0.0174760	0.0549335	0.0237860	0.0763068	0.0540365	0.0383854	0.0266935	0.1402410	0.0799258	0.0700278
0.0444737	0.0974470	0.0759942	0.0524715	0.0321948	0.1239810	0.0184575	0.0610337	0.0256712	0.0856072	0.0552315	0.0415098	0.0210450	0.1301280	0.0708035	0.0639506
0.0480675	0.0959554	0.0846636	0.0514551	0.0328492	0.1051170	0.0172971	0.0547657	0.0245085	0.0767849	0.0548683	0.0360571	0.0272802	0.1348350	0.0812503	0.0742442
0.0461436	0.1044890	0.0747777	0.0475929	0.0315328	0.1099140	0.0163344	0.0529398	0.0232089	0.0802812	0.0463786	0.0352540	0.0270085	0.1542760	0.0745623	0.0753065
0.0447383	0.0981448	0.0708644	0.0601912	0.0334981	0.1221240	0.0166275	0.0679075	0.0252957	0.0842920	0.0501053	0.0452244	0.0219540	0.1282610	0.0615684	0.0692037
0.0477056	0.0974130	0.0810286	0.0554050	0.0299045	0.1032340	0.0158300	0.0560825	0.0234986	0.0746227	0.0485679	0.0390206	0.0288266	0.1447180	0.0774561	0.0766862
0.0247951	0.0611292	0.0474211	0.0328995	0.0928537	0.1254520	0.0407026	0.0381417	0.0442878	0.0579356	0.0871596	0.0253073	0.0547421	0.1048140	0.1229210	0.0394372
0.0514383	0.0948318	0.0796824	0.0492094	0.0340600	0.0971651	0.0192241	0.0523090	0.0250052	0.0699310	0.0530403	0.0358710	0.0320053	0.1421260	0.0850804	0.0790207
0.0498990	0.0969816	0.0737158	0.0499296	0.0349905	0.1101760	0.0175412	0.0552868	0.0230821	0.0763791	0.0486745	0.0382661	0.0311945	0.1484420	0.0720015	0.0734403
0.0494128	0.0993710	0.0825546	0.0485402	0.0323237	0.1082790	0.0171436	0.0524488	0.0235792	0.0760644	0.0531578	0.0346871	0.0270698	0.1473660	0.0769552	0.0710468
0.0480801	0.0926945	0.0888987	0.0485752	0.0283309	0.0991308	0.0191440	0.0546265	0.0234899	0.0722852	0.0600176	0.0391682	0.0271757	0.1386290	0.0844427	0.0753108
0.0355508	0.0951192	0.0534154	0.0573093	0.0387908	0.1170560	0.0198264	0.0575471	0.0229475	0.0741930	0.0497295	0.0392367	0.0288925	0.1523990	0.0771952	0.0807919
0.0457270	0.0998502	0.0819210	0.0471995	0.0319572	0.1055080	0.0182908	0.0514622	0.0223468	0.0745066	0.0523406	0.0354449	0.0288571	0.1504860	0.0816627	0.0724398
0.0441565	0.1033270	0.0769738	0.0505610	0.0278528	0.1132710	0.0176086	0.0558555	0.0226182	0.0817885	0.0489261	0.0368970	0.0257379	0.1472730	0.0727592	0.0743940
0.0504160	0.1010260	0.0826400	0.0497694	0.0292279	0.1040870	0.0174160	0.0526361	0.0221580	0.0764107	0.0483899	0.0340777	0.0290770	0.1497180	0.0792775	0.0736733
0.0504818	0.0924016	0.0772675	0.0509531	0.0342742	0.1045250	0.0180928	0.0548021	0.0277283	0.0772151	0.0549853	0.0384897	0.0289066	0.1361280	0.0832111	0.0705383
0.0479518	0.0959514	0.0793932	0.0544123	0.0329728	0.1004500	0.0181374	0.0580015	0.0239280	0.0807810	0.0516367	0.0395770	0.0270387	0.1356240	0.0809246	0.0732198
0.0422701	0.0923077	0.0821097	0.0473816	0.0329241	0.1160610	0.0224505	0.0605863	0.0243548	0.0831621	0.0591330	0.0388123	0.0231020	0.1317970	0.0763718	0.0671761
0.0468697	0.1019700	0.0887496	0.0465498	0.0255672	0.1013950	0.0171870	0.0469123	0.0214091	0.0755502	0.0508785	0.0337342	0.0282967	0.1577530	0.0828855	0.0742921
0.0469714	0.1024260	0.0779465	0.0483331	0.0301143	0.1096570	0.0167945	0.0505869	0.0221005	0.0789638	0.0472061	0.0349507	0.0291595	0.1564560	0.0749570	0.0733761
0.0468481	0.0973170	0.0865661	0.0480285	0.0304824	0.1002040	0.0203854	0.0523831	0.0224750	0.0743476	0.0521119	0.0377720	0.0271486	0.1456490	0.0828973	0.0753844
0.0510630	0.1017950	0.0744420	0.0496059	0.0340420	0.1068280	0.0163918	0.0563282	0.0233128	0.0773892	0.0491754	0.0357640	0.0301676	0.1456060	0.0715941	0.0764951
0.0499353	0.0958942	0.0857222	0.0498120	0.0328895	0.0966956	0.0172616	0.0533259	0.0235497	0.0705567	0.0494113	0.0374823	0.0314715	0.1438260	0.0835337	0.0786326
0.0467708	0.0996340	0.0808238	0.0509637	0.0333580	0.1127460	0.0186944	0.0583997	0.0230263	0.0764455	0.0504540	0.0373888	0.0257135	0.1400110	0.0757274	0.0698434
0.0485733	0.0891375	0.0815175	0.0564851	0.0341115	0.1027240	0.0196174	0.0558042	0.0251297	0.0757458	0.0551556	0.0373865	0.0256485	0.1361540	0.0801881	0.0766213
0.0496504	0.0994586	0.0802187	0.0522525	0.0301214	0.1029540	0.0180834	0.0548809	0.0227094	0.0751984	0.0490722	0.0351417	0.0285970	0.1478470	0.0767229	0.0770909
0.0525979	0.0973995	0.0838362	0.0506755	0.0314252	0.0979602	0.0150051	0.0546003	0.0222139	0.0698457	0.0474449	0.0354568	0.0307844	0.1515190	0.0818604	0.0773749
0.0374193	0.0680642	0.0550265	0.0453761	0.0927654	0.1167640	0.0291749	0.0817409	0.0371956	0.0660830	0.0610980	0.0353422	0.0376430	0.1059630	0.0718988	0.0584457
0.0498993	0.0992434	0.0819729	0.0487068	0.0296682	0.1055960	0.0181340	0.0520581	0.0213619	0.0754760	0.0524281	0.0363913	0.0270159	0.1467370	0.0817673	0.0735433
0.0474404	0.1020280	0.0788439	0.0525328	0.0293487	0.1117440	0.0149647	0.0537166	0.0228044	0.0813231	0.0478647	0.0373448	0.0262217	0.1467440	0.0750022	0.0720763
0.0470529	0.0972914	0.0844808	0.0509331	0.0305130	0.1033080	0.0190612	0.0545188	0.0228131	0.0744633	0.0535526	0.0372165	0.0279766	0.1412340	0.0809629	0.0746218
0.0488687	0.0937253	0.0797159	0.0566298	0.0326230	0.1039200	0.0169034	0.0554459	0.0262431	0.0718890	0.0497895	0.0390029	0.0266377	0.1382530	0.0814259	0.0789266
0.0236115	0.0908613	0.0621833	0.0470796	0.0310678	0.1030490	0.0202180	0.0448332	0.0264315	0.0857471	0.0689227	0.0405793	0.0274830	0.1295770	0.1378450	0.0605105
0.0478660	0.0990849	0.0830431	0.0517561	0.0328431	0.1126260	0.0185240	0.0536640	0.0225622	0.0781157	0.0527193	0.0371406	0.0262485	0.1377820	0.0772081	0.0688167
0.0447114	0.1021390	0.0752159	0.0517035	0.0307273	0.1079480	0.0164176	0.0584213	0.0223471	0.0800829	0.0495956	0.0381135	0.0252091	0.1469700	0.0732965	0.0771010
0.0503607	0.0940727	0.0811289	0.0513156	0.0329608	0.0959471	0.0171877	0.0511741	0.0225987	0.0697058	0.0534729	0.0381242	0.0308389	0.1495610	0.0838874	0.0776630
0.0475283	0.0988676	0.0804932	0.0542792	0.0298073	0.1033590	0.0172855	0.0536803	0.0226209	0.0748040	0.0498693	0.0386542	0.0279290	0.1414690	0.0791322	0.0802210
0.0488346	0.1045400	0.0767401	0.0512129	0.0289097	0.1082130	0.0155911	0.0506580	0.0199514	0.0773743	0.0453200	0.0372338	0.0288833	0.1556210	0.0728291	0.0780878
0.0510682	0.0980065	0.0832738	0.0543245	0.0281153	0.1028120	0.0171551	0.0541260	0.0229529	0.0735049	0.0502343	0.0385990	0.0284727	0.1441510	0.0775157	0.0756890
0.0497764	0.0975598	0.0832442	0.0497521	0.0305269	0.1066260	0.0176210	0.0533249	0.0229195	0.0768520	0.0522069	0.0372351	0.0287770	0.1443220	0.0763659	0.0728903
0.0478750	0.0988038	0.0844185	0.0506764	0.0289976	0.1045580	0.0174137	0.0536796	0.0219059	0.0772259	0.0523168	0.0350293	0.0272310	0.1497580	0.0774783	0.0726327
0.0519846	0.0985546	0.0780350	0.0484058	0.0325572	0.1086870	0.0176148	0.0537042	0.0243772	0.0747583	0.0472207	0.0363450	0.0303495	0.1484480	0.0751766	0.0737823
0.0469813	0.0944467	0.0824190	0.0460866	0.0339416	0.1040690	0.0196403	0.0504576	0.0239087	0.0742343	0.0555621	0.0330615	0.0288078	0.1519010	0.0816856	0.0727969
0.0494584	0.1001140	0.0785348	0.0538769	0.0309008	0.1018240	0.0171323	0.0560433	0.0224914	0.0756271	0.0473489	0.0394812	0.0315279	0.1407920	0.0736032	0.0812429
0.0499938	0.0992801	0.0791595	0.0552240	0.0328575	0.1017720	0.0166749	0.0576852	0.0216896	0.0744524	0.0475326	0.0381184	0.0277504	0.1431520	0.0781442	0.0765137
0.0457085	0.0967186	0.0794421	0.0483008	0.0325127	0.1081580	0.0191330	0.0525488	0.0226953	0.0783382	0.0517293	0.0351218	0.0272277	0.1505890	0.0779201	0.0738560
0.0485658	0.0961946	0.0830346	0.0515401	0.0339390	0.1001060	0.0166640	0.0596887	0.0215939	0.0700375	0.0514586	0.0391949	0.0292943	0.1424380	0.0786343	0.0776157
0.0466099	0.1011600	0.0776832	0.0521220	0.0331010	0.1067000	0.0176215	0.0568915	0.0229908	0.0794254	0.0512366	0.0383561	0.0250757	0.1402870	0.0761410	0.0745987
0.0506620	0.0966151	0.0821284	0.0518254	0.0318819	0.1037890	0.0178106	0.0554263	0.0248463	0.0745665	0.0503296	0.0383358	0.0283918	0.1390230	0.0793308	0.0750374
0.0483856	0.0968419	0.0767853	0.0502710	0.0322885	0.1074480	0.0193024	0.0542776	0.0234740	0.0753005	0.0497761	0.0369550	0.0307801	0.1450620	0.0781758	0.0748763
0.0519355	0.0967691	0.0818007	0.0538305	0.0313222	0.1028920	0.0166802	0.0538782	0.0233125	0.0703753	0.0496584	0.0370070	0.0305021	0.1440710	0.0783691	0.0775968
0.0479944	0.0962607	0.0878942	0.0504712	0.0307177	0.0987677	0.0174882	0.0528573	0.0217772	0.0742721	0.0514075	0.0364866	0.0260662	0.1454940	0.0849946	0.0770509
0.0530308	0.0992033	0.0695532	0.0536197	0.0374091	0.1055770	0.0168687	0.0497749	0.0245930	0.0771735	0.0484240	0.0369588	0.0338414	0.1475580	0.0744371	0.0719778
0.0476789	0.0990253	0.0782963	0.0532208	0.0308859	0.1072270	0.0173451	0.0550698	0.0224869	0.0751657	0.0485198	0.0375778	0.0273601	0.1456610	0.0765993	0.0778809
0.0437087	0.0840412	0.0732230	0.0533471	0.0381181	0.1126660	0.0236695	0.0820990	0.0294598	0.0803928	0.0579394	0.0477565	0.0248493	0.1112680	0.0677412	0.0697197
0.0456186	0.0925657	0.0815370	0.0503309	0.0335121	0.1088330	0.0210547	0.0592039	0.0245889	0.0793313	0.0593293	0.0393273	0.0250401	0.1347250	0.0741929	0.0708091
0.0476721	0.0980193	0.0739922	0.0522748	0.0330497	0.1056960	0.0169320	0.0557642	0.0224486	0.0752052	0.0488850	0.0382839	0.0298096	0.1495130	0.0762022	0.0762520
0.0365314	0.1010140	0.0523942	0.0605319	0.0285706	0.1155500	0.0141821	0.0622715	0.0212289	0.0784585	0.0407477	0.0417797	0.0248555	0.1566810	0.0715591	0.0936431
0.0478926	0.0980344	0.0739048	0.0534911	0.0314884	0.1099650	0.0166732	0.0557403	0.0273567	0.0829503	0.0509486	0.0398250	0.0269411	0.1361480	0.0735869	0.0750538
0.0536684	0.1023730	0.0773616	0.0553746	0.0321467	0.1107880	0.0176826	0.0546766	0.0232666	0.0757717	0.0503723	0.0378471	0.0276097	0.1351020	0.0733287	0.0726307
0.0521803	0.0999887	0.0839115	0.0537880	0.0301800	0.1050090	0.0160490	0.0516162	0.0230157	0.0738140	0.0473853	0.0363006	0.0295876	0.1461610	0.0770012	0.0740114
0.0464914	0.0995995	0.0760404	0.0510709	0.0319694	0.1097680	0.0185791	0.0597249	0.0227756	0.0787219	0.0502177	0.0387080	0.0267282	0.1425210	0.0742469	0.0728365
0.0444328	0.0940819	0.0866139	0.0518445	0.0316171	0.1099560	0.0188389	0.0572109	0.0246932	0.0812474	0.0576237	0.0391601	0.0250497	0.1268440	0.0814726	0.0693136
0.0488196	0.0931262	0.0848377	0.0515102	0.0341955	0.0981166	0.0174883	0.0556327	0.0211769	0.0724701	0.0513800	0.0377105	0.0334577	0.1408180	0.0802812	0.0789793
0.0448085	0.0909554	0.0783989	0.0494295	0.0365861	0.1021730	0.0199184	0.0543693	0.0251769	0.0718019	0.0552298	0.0367455	0.0292243	0.1443370	0.0834343	0.0774109
0.0492604	0.0944390	0.0842520	0.0509001	0.0340148	0.0987999	0.0182110	0.0540748	0.0229207	0.0700530	0.0543190	0.0361080	0.0310494	0.1417110	0.0830310	0.0768560
0.0473866	0.0968058	0.0823775	0.0493648	0.0316152	0.1039750	0.0188203	0.0549909	0.0235027	0.0794737	0.0526679	0.0376225	0.0265699	0.1417970	0.0784029	0.0746279
0.0504444	0.0979263	0.0822636	0.0520902	0.0300088	0.1075270	0.0173634	0.0554641	0.0219717	0.0768872	0.0489357	0.0360709	0.0277595	0.1437350	0.0783410	0.0732115
0.0470884	0.0954324	0.0869565	0.0540731	0.0327264	0.0981008	0.0192278	0.0548580	0.0223670	0.0667870	0.0540731	0.0397897	0.0287239	0.1373410	0.0855439	0.0769110
0.0463695	0.0956917	0.0882202	0.0491424	0.0296036	0.1004160	0.0188713	0.0521721	0.0226199	0.0763582	0.0531735	0.0363562	0.0267536	0.1434730	0.0865770	0.0742015
0.0499559	0.0997723	0.0839026	0.0500720	0.0289512	0.0977276	0.0165435	0.0495609	0.0225382	0.0730285	0.0489335	0.0345741	0.0288350	0.1553510	0.0834611	0.0767926
0.0455325	0.0824901	0.0616532	0.0491768	0.0635397	0.1097580	0.0225090	0.0569371	0.0335706	0.0646973	0.0543646	0.0347282	0.0434317	0.1274650	0.0810753	0.0690705
0.0512621	0.1022460	0.0755032	0.0545146	0.0337763	0.1062220	0.0166518	0.0558490	0.0242967	0.0750584	0.0460914	0.0390860	0.0286056	0.1418050	0.0753086	0.0737240
0.0458495	0.0959502	0.0787030	0.0506787	0.0344011	0.1093000	0.0187388	0.0546129	0.0249664	0.0774538	0.0512940	0.0365826	0.0284532	0.1425830	0.0781996	0.0722330
0.0457763	0.0969396	0.0830167	0.0521001	0.0315672	0.1045910	0.0180607	0.0546765	0.0223026	0.0738042	0.0532972	0.0379691	0.0262322	0.1427940	0.0823661	0.0745068
0.0487824	0.0944719	0.0741915	0.0570042	0.0351969	0.1066480	0.0186360	0.0625636	0.0239997	0.0752486	0.0512489	0.0391512	0.0285804	0.1298250	0.0733302	0.0811213
0.0477671	0.1032680	0.0765031	0.0500038	0.0281674	0.1067560	0.0167943	0.0516718	0.0228979	0.0779058	0.0457957	0.0395026	0.0283191	0.1542190	0.0745697	0.0758587
0.0473425	0.0980747	0.0770813	0.0530823	0.0340550	0.1110010	0.0181009	0.0534213	0.0234566	0.0791603	0.0489921	0.0366311	0.0268462	0.1426380	0.0777140	0.0724035
0.0477771	0.0980276	0.0779587	0.0498435	0.0343456	0.1085470	0.0183156	0.0544771	0.0245460	0.0753601	0.0538823	0.0376331	0.0276456	0.1446460	0.0752035	0.0717909
0.0449692	0.0937617	0.0793314	0.0541542	0.0324273	0.1076320	0.0194890	0.0559959	0.0241747	0.0732469	0.0555063	0.0394675	0.0274851	0.1340920	0.0835276	0.0747389
0.0494262	0.0984156	0.0823965	0.0524553	0.0329120	0.1017360	0.0182327	0.0542902	0.0228636	0.0706879	0.0509116	0.0347760	0.0299120	0.1433860	0.0814062	0.0761927
0.0499430	0.0940752	0.0778580	0.0547664	0.0335359	0.0997341	0.0181162	0.0596658	0.0235093	0.0695025	0.0511964	0.0375617	0.0311432	0.1382450	0.0802507	0.0808963
0.0518206	0.0947993	0.0891658	0.0483510	0.0330175	0.0987166	0.0187285	0.0541337	0.0240263	0.0703626	0.0532756	0.0349948	0.0294732	0.1409860	0.0830100	0.0751380
0.0443156	0.0960990	0.0814311	0.0536558	0.0320330	0.1067100	0.0191039	0.0571779	0.0228712	0.0794918	0.0547035	0.0376505	0.0253009	0.1393000	0.0791574	0.0709987
0.0491681	0.1008190	0.0825180	0.0484231	0.0301465	0.1069780	0.0174075	0.0524957	0.0207350	0.0772287	0.0504594	0.0348895	0.0272660	0.1500620	0.0771790	0.0742240
0.0498499	0.1006340	0.0777318	0.0492827	0.0299016	0.1055650	0.0165452	0.0517728	0.0223277	0.0770194	0.0476019	0.0355942	0.0293967	0.1554770	0.0768603	0.0744394
0.0498128	0.1002410	0.0745989	0.0525668	0.0312834	0.1045990	0.0165508	0.0570053	0.0243850	0.0737166	0.0438235	0.0367380	0.0289840	0.1525670	0.0727273	0.0804011
0.0533990	0.0975731	0.0819667	0.0530684	0.0331636	0.0999868	0.0159040	0.0524071	0.0243354	0.0721135	0.0499273	0.0373958	0.0314112	0.1409210	0.0795530	0.0768748
0.0488701	0.1015010	0.0767810	0.0503448	0.0307398	0.1096750	0.0160579	0.0527242	0.0224778	0.0791384	0.0488043	0.0361454	0.0277190	0.1509410	0.0752020	0.0728775
0.0521566	0.0946834	0.0843328	0.0513782	0.0302733	0.1016610	0.0176739	0.0538289	0.0222869	0.0749625	0.0502537	0.0367316	0.0301868	0.1446490	0.0804982	0.0744435
0.0559194	0.0828489	0.1055480	0.0314179	0.0426385	0.0981164	0.0243544	0.0391803	0.0272975	0.0634243	0.0662571	0.0231771	0.0382238	0.1390630	0.1113600	0.0511736
0.0485423	0.1006320	0.0830173	0.0492966	0.0307441	0.1001830	0.0162895	0.0527421	0.0233639	0.0763303	0.0503976	0.0370642	0.0265443	0.1512540	0.0800204	0.0735780
0.0476244	0.0972967	0.0823652	0.0479967	0.0330280	0.1023240	0.0189902	0.0546619	0.0220807	0.0715296	0.0530980	0.0377942	0.0287087	0.1453310	0.0822163	0.0749553
0.0503379	0.0965419	0.0799666	0.0540186	0.0351936	0.1050960	0.0181175	0.0551554	0.0239924	0.0704667	0.0520709	0.0362032	0.0304078	0.1380160	0.0793147	0.0751014
0.0488981	0.1004870	0.0794404	0.0561085	0.0288413	0.1036860	0.0160963	0.0565655	0.0209709	0.0754798	0.0516147	0.0401899	0.0275465	0.1407540	0.0759622	0.0773586
0.0495357	0.1001360	0.0788431	0.0545041	0.0322352	0.1010230	0.0157331	0.0553321	0.0243390	0.0735198	0.0490034	0.0391258	0.0289229	0.1431950	0.0767138	0.0778376
0.0481229	0.0985107	0.0701210	0.0527459	0.0365498	0.1130310	0.0198573	0.0512566	0.0267763	0.0723239	0.0528390	0.0361775	0.0291343	0.1412350	0.0795532	0.0717654
0.0481878	0.1037130	0.0752476	0.0480244	0.0321416	0.1097090	0.0169613	0.0499690	0.0232361	0.0793327	0.0502304	0.0322560	0.0293474	0.1543510	0.0774045	0.0698879
0.0543689	0.1006360	0.0765651	0.0519920	0.0299967	0.1049880	0.0158353	0.0542015	0.0238366	0.0778373	0.0488785	0.0387345	0.0288249	0.1430200	0.0730164	0.0772682
0.0493221	0.0996666	0.0779062	0.0533674	0.0313181	0.1046230	0.0167593	0.0520338	0.0233385	0.0765948	0.0474328	0.0354745	0.0289842	0.1547010	0.0745499	0.0739275
0.0472334	0.1001140	0.0811166	0.0543419	0.0310844	0.1061820	0.0167930	0.0575866	0.0228860	0.0748502	0.0490910	0.0378709	0.0256848	0.1408330	0.0768069	0.0775251
0.0434729	0.0888466	0.0656079	0.0513520	0.0396100	0.1095710	0.0178736	0.0555215	0.0253541	0.0742841	0.0506162	0.0373107	0.0315470	0.1429890	0.0906555	0.0753878
0.0489115	0.1008920	0.0779986	0.0505797	0.0300547	0.1094910	0.0167048	0.0548239	0.0226447	0.0780953	0.0491051	0.0364371	0.0263866	0.1477900	0.0755793	0.0745055
0.0443604	0.0975124	0.0786318	0.0512058	0.0326160	0.1075340	0.0198649	0.0531744	0.0222809	0.0768198	0.0541139	0.0369782	0.0271576	0.1445350	0.0796161	0.0735985
0.0480901	0.0993989	0.0800161	0.0508118	0.0308373	0.1069480	0.0175841	0.0569887	0.0222464	0.0773418	0.0519241	0.0369669	0.0284943	0.1397260	0.0772945	0.0753301
0.0511439	0.1029540	0.0796590	0.0543370	0.0312639	0.1052870	0.0171590	0.0548923	0.0237672	0.0746890	0.0473401	0.0377610	0.0272379	0.1419090	0.0750222	0.0755775
0.0447450	0.0969923	0.0870677	0.0459561	0.0298412	0.1112910	0.0213632	0.0527520	0.0224061	0.0788925	0.0573947	0.0353250	0.0243911	0.1431840	0.0797672	0.0686314
0.0465650	0.0907830	0.0894762	0.0494986	0.0330702	0.1012110	0.0204822	0.0536057	0.0238425	0.0706475	0.0546725	0.0351771	0.0302699	0.1437220	0.0844890	0.0724877
0.0475424	0.0949411	0.0856568	0.0517677	0.0289738	0.0985628	0.0171314	0.0523426	0.0233688	0.0761426	0.0522564	0.0389192	0.0274504	0.1485200	0.0804829	0.0759414
0.0498757	0.0972364	0.0829942	0.0526450	0.0330621	0.1052330	0.0177461	0.0562903	0.0224935	0.0723974	0.0488866	0.0353792	0.0282582	0.1438620	0.0769470	0.0766927
0.0466241	0.0975678	0.0853132	0.0477744	0.0354963	0.1118880	0.0190628	0.0531740	0.0236407	0.0773547	0.0558738	0.0359658	0.0262701	0.1341210	0.0794910	0.0703822
0.0476247	0.0935063	0.0797388	0.0501950	0.0317301	0.1026650	0.0189376	0.0528835	0.0239896	0.0759868	0.0532085	0.0366639	0.0309029	0.1427560	0.0803593	0.0788525
0.0504741	0.0991029	0.0797422	0.0524613	0.0325044	0.0995004	0.0158690	0.0560098	0.0237609	0.0726452	0.0484301	0.0355135	0.0289559	0.1493220	0.0778970	0.0778118
0.0454765	0.1003480	0.0777360	0.0459287	0.0325118	0.1148690	0.0187637	0.0524216	0.0233324	0.0801018	0.0514174	0.0344044	0.0271808	0.1502460	0.0765951	0.0686669
0.0497404	0.1022810	0.0772579	0.0513695	0.0291467	0.1072960	0.0158334	0.0499440	0.0215609	0.0803890	0.0484676	0.0352052	0.0274412	0.1526830	0.0740250	0.0773597
0.0216096	0.0653295	0.0448468	0.0326773	0.0867137	0.1388720	0.0419671	0.0501302	0.0409655	0.0656550	0.0806540	0.0266677	0.0491536	0.1096750	0.1043170	0.0407652
0.0461324	0.0965498	0.0803561	0.0515582	0.0312465	0.1002780	0.0188926	0.0549527	0.0218141	0.0742905	0.0509182	0.0376739	0.0271285	0.1489150	0.0798553	0.0794380
0.0501031	0.0990425	0.0788284	0.0513000	0.0341113	0.1035640	0.0170224	0.0549904	0.0247357	0.0731099	0.0497041	0.0370370	0.0294900	0.1407340	0.0756699	0.0805572
0.0484895	0.0991686	0.0800013	0.0506156	0.0315435	0.1019610	0.0172315	0.0530592	0.0237053	0.0782242	0.0504570	0.0365892	0.0274816	0.1497210	0.0812389	0.0705128
0.0471178	0.0917671	0.0633803	0.0560476	0.0489328	0.1047260	0.0193843	0.0607667	0.0301655	0.0725280	0.0490417	0.0398577	0.0379701	0.1313710	0.0727095	0.0742341
0.0528638	0.0960675	0.0784209	0.0559063	0.0355594	0.0980071	0.0171142	0.0548794	0.0252529	0.0714992	0.0495931	0.0387161	0.0314140	0.1339850	0.0823382	0.0783829
0.0615499	0.0574572	0.1199900	0.0134740	0.0590252	0.1149140	0.0344159	0.0377644	0.0286223	0.0442490	0.0749176	0.0097268	0.0547996	0.1097590	0.1441480	0.0351866
0.0470900	0.0998246	0.0787757	0.0499910	0.0298192	0.1094270	0.0184177	0.0532068	0.0234101	0.0804399	0.0501484	0.0378699	0.0262661	0.1428220	0.0783710	0.0741207
0.0476538	0.0972360	0.0786244	0.0576170	0.0314673	0.1062060	0.0167709	0.0599836	0.0257699	0.0721674	0.0527669	0.0424823	0.0266756	0.1312160	0.0734821	0.0798808
0.0486389	0.0939855	0.0812233	0.0502003	0.0325843	0.0995520	0.0183966	0.0534248	0.0252189	0.0725002	0.0521689	0.0378114	0.0320413	0.1451020	0.0806802	0.0764714
0.0517645	0.0969250	0.0824314	0.0504271	0.0317450	0.1015490	0.0171373	0.0514120	0.0236274	0.0699801	0.0506656	0.0358505	0.0307705	0.1461600	0.0829186	0.0766360
0.0488692	0.1006870	0.0754989	0.0480044	0.0326386	0.1081150	0.0167627	0.0505543	0.0228603	0.0799778	0.0485588	0.0340798	0.0305322	0.1534370	0.0767849	0.0726386
0.0511809	0.0990056	0.0849285	0.0504040	0.0309820	0.0960224	0.0163145	0.0506837	0.0238658	0.0713176	0.0509323	0.0369795	0.0310752	0.1449970	0.0832815	0.0780298
0.0364061	0.0876241	0.0559655	0.0549889	0.0347241	0.1054200	0.0179860	0.0615810	0.0237372	0.0747111	0.0483967	0.0418860	0.0301123	0.1520540	0.0847214	0.0896859
0.0489915	0.0995790	0.0851453	0.0476268	0.0281736	0.1053160	0.0177646	0.0495929	0.0210261	0.0794550	0.0488758	0.0331930	0.0281273	0.1537520	0.0793162	0.0740655
0.0506897	0.0980460	0.0811877	0.0548276	0.0346743	0.1050570	0.0172797	0.0535249	0.0234866	0.0707280	0.0506513	0.0373946	0.0321456	0.1378160	0.0769732	0.0755172
0.0503192	0.0958060	0.0854761	0.0522699	0.0306349	0.1017020	0.0150736	0.0544423	0.0226104	0.0743040	0.0525359	0.0391913	0.0269551	0.1423570	0.0823728	0.0739493
0.0414830	0.0841703	0.0653890	0.0464795	0.0552680	0.1101770	0.0240340	0.0508353	0.0289536	0.0695911	0.0590345	0.0323101	0.0401763	0.1370550	0.0882956	0.0667470
0.0488366	0.0994032	0.0740088	0.0491223	0.0290131	0.1102750	0.0163953	0.0541536	0.0224582	0.0813732	0.0467416	0.0371711	0.0270927	0.1551120	0.0726915	0.0761515
0.0473279	0.1024860	0.0821775	0.0510813	0.0297291	0.1051950	0.0182202	0.0549093	0.0220482	0.0759632	0.0506836	0.0355953	0.0268954	0.1457620	0.0785235	0.0734029
0.0482556	0.1007250	0.0844560	0.0528152	0.0320553	0.1003110	0.0180311	0.0511572	0.0225216	0.0728497	0.0490155	0.0360967	0.0283938	0.1476340	0.0786874	0.0769948
0.0497242	0.1009650	0.0793436	0.0533094	0.0301986	0.1053500	0.0159680	0.0538886	0.0244071	0.0761169	0.0499173	0.0383618	0.0279647	0.1373410	0.0809983	0.0761445
0.0472760	0.0985006	0.0776639	0.0543728	0.0326290	0.1061040	0.0199296	0.0617096	0.0231044	0.0748092	0.0513046	0.0382584	0.0250787	0.1380930	0.0766768	0.0744891
0.0457205	0.0991619	0.0788878	0.0490052	0.0305055	0.1061280	0.0188206	0.0563295	0.0222940	0.0814928	0.0502133	0.0371125	0.0260883	0.1456370	0.0795296	0.0730736
0.0469027	0.0985963	0.0804388	0.0524841	0.0331529	0.1084890	0.0167202	0.0570115	0.0225411	0.0755282	0.0519571	0.0387582	0.0268768	0.1353180	0.0790495	0.0761750
0.0476262	0.1005820	0.0785136	0.0523353	0.0316580	0.1103000	0.0180444	0.0526136	0.0223040	0.0792628	0.0494028	0.0368595	0.0257288	0.1455110	0.0768654	0.0723918
0.0495602	0.1004210	0.0767563	0.0540515	0.0324929	0.1044790	0.0167885	0.0580473	0.0224260	0.0749597	0.0473919	0.0388118	0.0292405	0.1420520	0.0734729	0.0790484
0.0490723	0.0973579	0.0820167	0.0495968	0.0315348	0.0989641	0.0176031	0.0554317	0.0221596	0.0717236	0.0532354	0.0374025	0.0280928	0.1458070	0.0835901	0.0764112
0.0487665	0.0996772	0.0785436	0.0531656	0.0332921	0.1094260	0.0186356	0.0553541	0.0233442	0.0772394	0.0502034	0.0368954	0.0261296	0.1393140	0.0755814	0.0744319
0.0449713	0.0993640	0.0842945	0.0480089	0.0303289	0.1108030	0.0196023	0.0551284	0.0238977	0.0797380	0.0538943	0.0370212	0.0273150	0.1365280	0.0807110	0.0683943
0.0499859	0.1024500	0.0736131	0.0522106	0.0315686	0.1072090	0.0145593	0.0512532	0.0242467	0.0752182	0.0443819	0.0381019	0.0310054	0.1525490	0.0739792	0.0776683
0.0454006	0.0990424	0.0801661	0.0482395	0.0297021	0.1090420	0.0167578	0.0552731	0.0236854	0.0791704	0.0541714	0.0388119	0.0240032	0.1504170	0.0760773	0.0700394
0.0489836	0.1016440	0.0765975	0.0526261	0.0347950	0.1066050	0.0171026	0.0557483	0.0223756	0.0748283	0.0501284	0.0369805	0.0296260	0.1416080	0.0744120	0.0759384
0.0464514	0.1010600	0.0737801	0.0522395	0.0375128	0.1182040	0.0179993	0.0591022	0.0248620	0.0794949	0.0493088	0.0402237	0.0236897	0.1379620	0.0684560	0.0696527
0.0541864	0.0936831	0.0864842	0.0498087	0.0327194	0.0968286	0.0175433	0.0551592	0.0271743	0.0720215	0.0556132	0.0370971	0.0302549	0.1327910	0.0846358	0.0739996
0.0515620	0.1026190	0.0710678	0.0553311	0.0340768	0.1030070	0.0153093	0.0518729	0.0253730	0.0727386	0.0480650	0.0360584	0.0318620	0.1466820	0.0726997	0.0816755
0.0470360	0.1040240	0.0744231	0.0525408	0.0323434	0.1194020	0.0174744	0.0532069	0.0237237	0.0816518	0.0476237	0.0377503	0.0259374	0.1424010	0.0701916	0.0702700
0.0487594	0.0978860	0.0792373	0.0556051	0.0315795	0.1031050	0.0163406	0.0556313	0.0254682	0.0746735	0.0489692	0.0388973	0.0283271	0.1400360	0.0785029	0.0769816
0.0501653	0.0989411	0.0838963	0.0508361	0.0308802	0.1060320	0.0171769	0.0529682	0.0223516	0.0762781	0.0528245	0.0361027	0.0278137	0.1438840	0.0804945	0.0693546
0.0481549	0.0964610	0.0825771	0.0566243	0.0292196	0.0993043	0.0174229	0.0579250	0.0232607	0.0723533	0.0503025	0.0393224	0.0286449	0.1379010	0.0814277	0.0790986
0.0466713	0.1014530	0.0768888	0.0497867	0.0319348	0.1112550	0.0171072	0.0566256	0.0227505	0.0800448	0.0501667	0.0374566	0.0268792	0.1446790	0.0742140	0.0720864
0.0455019	0.1005620	0.0810156	0.0461361	0.0337471	0.1101880	0.0192064	0.0533611	0.0238494	0.0753080	0.0542444	0.0353778	0.0279489	0.1463350	0.0805173	0.0667014
0.0480011	0.0972843	0.0759403	0.0502104	0.0358167	0.1085480	0.0191675	0.0528998	0.0243359	0.0757562	0.0514400	0.0347777	0.0302604	0.1457720	0.0778012	0.0719884
0.0504907	0.0985420	0.0818063	0.0502638	0.0307766	0.1001870	0.0177001	0.0515119	0.0226074	0.0721620	0.0519657	0.0348046	0.0287343	0.1516710	0.0829977	0.0737789
0.0506001	0.1012480	0.0776741	0.0493380	0.0326936	0.1054390	0.0171207	0.0523383	0.0250738	0.0760311	0.0487427	0.0360272	0.0275979	0.1488480	0.0795790	0.0716497
0.0501393	0.0912256	0.0843489	0.0532730	0.0348189	0.0939241	0.0193245	0.0557974	0.0209784	0.0718141	0.0530989	0.0386490	0.0338614	0.1397980	0.0806929	0.0782556
0.0501558	0.1004500	0.0768086	0.0551402	0.0322257	0.1036340	0.0161648	0.0535133	0.0236414	0.0761855	0.0508480	0.0370370	0.0296989	0.1447910	0.0743856	0.0753202
0.0486387	0.1000310	0.0770878	0.0484858	0.0334582	0.1046570	0.0156393	0.0547186	0.0223310	0.0733787	0.0490593	0.0351025	0.0301698	0.1549790	0.0768584	0.0754053
0.0493798	0.0965258	0.0805067	0.0520839	0.0308918	0.1035210	0.0171066	0.0530833	0.0235730	0.0764505	0.0514961	0.0366528	0.0271589	0.1415260	0.0840045	0.0760390
0.0474640	0.0956964	0.0785699	0.0535388	0.0322770	0.1056870	0.0170534	0.0533924	0.0255800	0.0761546	0.0506843	0.0370343	0.0299715	0.1447710	0.0776550	0.0744712
0.0522916	0.0825453	0.1075030	0.0295820	0.0404072	0.1068830	0.0274634	0.0402522	0.0247248	0.0615925	0.0674314	0.0222188	0.0373844	0.1348110	0.1097500	0.0551594
0.0465948	0.0979272	0.0779188	0.0509095	0.0330795	0.1094540	0.0187394	0.0521997	0.0247885	0.0773900	0.0513113	0.0355753	0.0292724	0.1479480	0.0760998	0.0707910
0.0464001	0.1011880	0.0718815	0.0507448	0.0328793	0.1189530	0.0165738	0.0584111	0.0241898	0.0805375	0.0470207	0.0375092	0.0262867	0.1464300	0.0696336	0.0713615
0.0485033	0.0981640	0.0819612	0.0469251	0.0352728	0.1054760	0.0194645	0.0469251	0.0248040	0.0734126	0.0546846	0.0346415	0.0283024	0.1468510	0.0850124	0.0695986
0.0483789	0.0950234	0.0820730	0.0525184	0.0311503	0.1037420	0.0178530	0.0580685	0.0229175	0.0739559	0.0532122	0.0378105	0.0271958	0.1395170	0.0797142	0.0768697
0.0488686	0.1016750	0.0748396	0.0507511	0.0321372	0.1107610	0.0167313	0.0570517	0.0217834	0.0776826	0.0455454	0.0381690	0.0279688	0.1463180	0.0742825	0.0754351
0.0497528	0.0979917	0.0815673	0.0529317	0.0321677	0.1000860	0.0168281	0.0532344	0.0226814	0.0723332	0.0526542	0.0367091	0.0298971	0.1423710	0.0802553	0.0785397
0.0491745	0.0996780	0.0867709	0.0511680	0.0309513	0.1012370	0.0186321	0.0520115	0.0214691	0.0758575	0.0535705	0.0352962	0.0288811	0.1394720	0.0824516	0.0733783
0.0479934	0.0987796	0.0783504	0.0493324	0.0314664	0.1078660	0.0165462	0.0530242	0.0243697	0.0778721	0.0490072	0.0361337	0.0283484	0.1501010	0.0776809	0.0731283
0.0515419	0.0969965	0.0797712	0.0532477	0.0302361	0.0990367	0.0170914	0.0544852	0.0233126	0.0740183	0.0498027	0.0348518	0.0307713	0.1458960	0.0802395	0.0787009
0.0497488	0.0981594	0.0758558	0.0553599	0.0299338	0.1095220	0.0156830	0.0571912	0.0232427	0.0756210	0.0484106	0.0398413	0.0268817	0.1443630	0.0722637	0.0779218
0.0507293	0.0930953	0.0779894	0.0542308	0.0342632	0.0996354	0.0185207	0.0566327	0.0246267	0.0704943	0.0501794	0.0408901	0.0324112	0.1401490	0.0810568	0.0750955
0.0494163	0.0998768	0.0794906	0.0527027	0.0319058	0.1038990	0.0171340	0.0534730	0.0220123	0.0752114	0.0491082	0.0383246	0.0281914	0.1470510	0.0769915	0.0752114
0.0465840	0.1008670	0.0752582	0.0514475	0.0341601	0.1088420	0.0193159	0.0543057	0.0240872	0.0792458	0.0512170	0.0368108	0.0290199	0.1448230	0.0733911	0.0706251
0.0454560	0.0966410	0.0773161	0.0517073	0.0352549	0.1158350	0.0190638	0.0608964	0.0242215	0.0807436	0.0538128	0.0418163	0.0248743	0.1291870	0.0751126	0.0680616
0.0499387	0.1002060	0.0769012	0.0519318	0.0303356	0.1096240	0.0174566	0.0549544	0.0224724	0.0768793	0.0495225	0.0363808	0.0272472	0.1478670	0.0746671	0.0736157
0.0482640	0.0969414	0.0781190	0.0525563	0.0330981	0.1023780	0.0172326	0.0567849	0.0261351	0.0730955	0.0495040	0.0394887	0.0298868	0.1390050	0.0765293	0.0809805
0.0483458	0.1021260	0.0771910	0.0517905	0.0300728	0.1083240	0.0165046	0.0540672	0.0223126	0.0784077	0.0482430	0.0366919	0.0267578	0.1481410	0.0752333	0.0757904
0.0452457	0.1012750	0.0756986	0.0520443	0.0283430	0.1132080	0.0164104	0.0587725	0.0229745	0.0828254	0.0515051	0.0405570	0.0255064	0.1416450	0.0730261	0.0709631
0.0479371	0.0989711	0.0818745	0.0508292	0.0299703	0.1069310	0.0186835	0.0509060	0.0230600	0.0758855	0.0514691	0.0349611	0.0282299	0.1455010	0.0792383	0.0755528
0.0480828	0.0976082	0.0830866	0.0510440	0.0311503	0.1026390	0.0179575	0.0555239	0.0231397	0.0756264	0.0504746	0.0383637	0.0283789	0.1444380	0.0769742	0.0755125
0.0504495	0.0986376	0.0831146	0.0517617	0.0285331	0.1000340	0.0166118	0.0543302	0.0215255	0.0756044	0.0507845	0.0367692	0.0272210	0.1440060	0.0808253	0.0797923
0.0497394	0.0967482	0.0767345	0.0510736	0.0326424	0.1032020	0.0190207	0.0554797	0.0256609	0.0776964	0.0507943	0.0371726	0.0279881	0.1451220	0.0745004	0.0764242
0.0323113	0.0944601	0.0525592	0.0558270	0.0359761	0.1153800	0.0165832	0.0611410	0.0254398	0.0805949	0.0486807	0.0399768	0.0287075	0.1507760	0.0799230	0.0816638
0.0512449	0.0980068	0.0824195	0.0561073	0.0311746	0.0952479	0.0162770	0.0523829	0.0233464	0.0702462	0.0470032	0.0384509	0.0304504	0.1470100	0.0793158	0.0813160
0.0366667	0.0727083	0.0596528	0.0434028	0.0718056	0.1173260	0.0331944	0.0642361	0.0352083	0.0683681	0.0631597	0.0332639	0.0399653	0.1173960	0.0842708	0.0593750
0.0472056	0.0956187	0.0803818	0.0497930	0.0329462	0.1053930	0.0181118	0.0558303	0.0232866	0.0766157	0.0542778	0.0379772	0.0278289	0.1427960	0.0808130	0.0711247
0.0496303	0.1050220	0.0733793	0.0578188	0.0311890	0.1132790	0.0152429	0.0538720	0.0249285	0.0797078	0.0474981	0.0382888	0.0280815	0.1409520	0.0693871	0.0717234
0.0471132	0.1046380	0.0807829	0.0474673	0.0298303	0.1118080	0.0173494	0.0498351	0.0219301	0.0812587	0.0502667	0.0335922	0.0274735	0.1493950	0.0765784	0.0706809
0.0456360	0.0953462	0.0717215	0.0467297	0.0382533	0.1118620	0.0181013	0.0563819	0.0264683	0.0803620	0.0507766	0.0387728	0.0286011	0.1466150	0.0726239	0.0717489
0.0529894	0.0987104	0.0753419	0.0505275	0.0316139	0.1079330	0.0178585	0.0540445	0.0231731	0.0714732	0.0477921	0.0362642	0.0300117	0.1492380	0.0759672	0.0770614
0.0456016	0.1001830	0.0806860	0.0512648	0.0311742	0.1073030	0.0183108	0.0523974	0.0225986	0.0770185	0.0529907	0.0381317	0.0270212	0.1424140	0.0794456	0.0734588
0.0430038	0.0987885	0.0740873	0.0509939	0.0355820	0.1285730	0.0201864	0.0614200	0.0266175	0.0897265	0.0555249	0.0418020	0.0210472	0.1237820	0.0677212	0.0611440
0.0511162	0.0981865	0.0827975	0.0510801	0.0312477	0.1027020	0.0156419	0.0513691	0.0217831	0.0742721	0.0466007	0.0350047	0.0294054	0.1524820	0.0794740	0.0768369
0.0505133	0.1003120	0.0785351	0.0546941	0.0334727	0.1018730	0.0177022	0.0550910	0.0248465	0.0742750	0.0511749	0.0356954	0.0295036	0.1403470	0.0781912	0.0737722
0.0492946	0.1004720	0.0784645	0.0538821	0.0301437	0.1117460	0.0154722	0.0543149	0.0227863	0.0773825	0.0500736	0.0390158	0.0267896	0.1423440	0.0760409	0.0717779
0.0469190	0.0947178	0.0863674	0.0465191	0.0314340	0.1036760	0.0188444	0.0537977	0.0228436	0.0761614	0.0553334	0.0362650	0.0262990	0.1461000	0.0820163	0.0727060
0.0510279	0.1016250	0.0806698	0.0542772	0.0309019	0.0991379	0.0160477	0.0555371	0.0229443	0.0719496	0.0479775	0.0374005	0.0268899	0.1466180	0.0772215	0.0797745
0.0463014	0.0994591	0.0807201	0.0524749	0.0332714	0.1097850	0.0197225	0.0547421	0.0245848	0.0781523	0.0517100	0.0375874	0.0262511	0.1376750	0.0773328	0.0702306
0.0471024	0.0933750	0.0818228	0.0539316	0.0326142	0.1014810	0.0188601	0.0538997	0.0236788	0.0733023	0.0519849	0.0383584	0.0291039	0.1411160	0.0796209	0.0797485
0.0442139	0.0990113	0.0788191	0.0490182	0.0326695	0.1215010	0.0185350	0.0564685	0.0246623	0.0859351	0.0541847	0.0381423	0.0238268	0.1362350	0.0737641	0.0630135
0.0435832	0.0964607	0.0786903	0.0514948	0.0321536	0.1203840	0.0204294	0.0593163	0.0232684	0.0860782	0.0555856	0.0395906	0.0221639	0.1326150	0.0728814	0.0653053
0.0479994	0.0941439	0.0838435	0.0521231	0.0306850	0.1058400	0.0193852	0.0553375	0.0216542	0.0746957	0.0531856	0.0380501	0.0273356	0.1401440	0.0791616	0.0764154
0.0453843	0.0997308	0.0848700	0.0479613	0.0263429	0.1090650	0.0197572	0.0531153	0.0201867	0.0781984	0.0537166	0.0347898	0.0256843	0.1490950	0.0826079	0.0694938
0.0483362	0.1044870	0.0784040	0.0536666	0.0316462	0.1085750	0.0168193	0.0526316	0.0222274	0.0755317	0.0492677	0.0360451	0.0281789	0.1483470	0.0744450	0.0713916
0.0500881	0.0935143	0.0829750	0.0533662	0.0308777	0.0974974	0.0185055	0.0506521	0.0227705	0.0719069	0.0522383	0.0361650	0.0298202	0.1450120	0.0847726	0.0798379
0.0482776	0.1043960	0.0761183	0.0528792	0.0303085	0.1113620	0.0157584	0.0544987	0.0224422	0.0783290	0.0488432	0.0376607	0.0264781	0.1464780	0.0728535	0.0733162
0.0504371	0.0995212	0.0828684	0.0511657	0.0287052	0.1064110	0.0172356	0.0509784	0.0224396	0.0759784	0.0497918	0.0371774	0.0284346	0.1466070	0.0772898	0.0749584
0.0477644	0.0978638	0.0813798	0.0512785	0.0290609	0.1021640	0.0170620	0.0569196	0.0210848	0.0761548	0.0483192	0.0375688	0.0274888	0.1480560	0.0788366	0.0789985
0.0513297	0.0981083	0.0796264	0.0532492	0.0314231	0.1003440	0.0175123	0.0523587	0.0222020	0.0728985	0.0502612	0.0368648	0.0302557	0.1461330	0.0798243	0.0776080
0.0491842	0.0979368	0.0788372	0.0489252	0.0320054	0.1068280	0.0183011	0.0525941	0.0223153	0.0755352	0.0467671	0.0366885	0.0296746	0.1506170	0.0779955	0.0757942
0.0488727	0.0963271	0.0750759	0.0557906	0.0330215	0.1105110	0.0180660	0.0611407	0.0243119	0.0774897	0.0493207	0.0407605	0.0293137	0.1373120	0.0724630	0.0702235
0.0459171	0.1011230	0.0755573	0.0525460	0.0302947	0.1106650	0.0169946	0.0580138	0.0219135	0.0769296	0.0485138	0.0374937	0.0266847	0.1474620	0.0727918	0.0770985
0.0491294	0.0904746	0.0776374	0.0532946	0.0363264	0.1003760	0.0199044	0.0547969	0.0275862	0.0737112	0.0560601	0.0409696	0.0328781	0.1315120	0.0786275	0.0767156
0.0485522	0.1002250	0.0827758	0.0507738	0.0313779	0.1101850	0.0183724	0.0538692	0.0236645	0.0781578	0.0514478	0.0387419	0.0265851	0.1365200	0.0783325	0.0704194
0.0428778	0.0982679	0.0836490	0.0501766	0.0320254	0.1040770	0.0197685	0.0582415	0.0214070	0.0754139	0.0527301	0.0376005	0.0278121	0.1421880	0.0794144	0.0743499
0.0493463	0.0949488	0.0854355	0.0523845	0.0310256	0.0966059	0.0184742	0.0533665	0.0230774	0.0735285	0.0541337	0.0363960	0.0313018	0.1423310	0.0824587	0.0751857
0.0489714	0.0946747	0.0861370	0.0497568	0.0305280	0.0983989	0.0184941	0.0525689	0.0236370	0.0758259	0.0541396	0.0371403	0.0289319	0.1455970	0.0807914	0.0744072
0.0258661	0.0612453	0.0406992	0.0328109	0.0859060	0.1308240	0.0379475	0.0657267	0.0435557	0.0775984	0.0689239	0.0296661	0.0433723	0.1243510	0.0812149	0.0502909
0.0481988	0.0970941	0.0793708	0.0534102	0.0336695	0.1021850	0.0169308	0.0538184	0.0228146	0.0739914	0.0508646	0.0378963	0.0282901	0.1461340	0.0783862	0.0769452
0.0521800	0.0961629	0.0774474	0.0561464	0.0343460	0.1007460	0.0177459	0.0565578	0.0244153	0.0723646	0.0479492	0.0407804	0.0307028	0.1365030	0.0782701	0.0776825
0.0477301	0.0971557	0.0807723	0.0520961	0.0318554	0.1081980	0.0174007	0.0542368	0.0252427	0.0765970	0.0541732	0.0367725	0.0277860	0.1379760	0.0803908	0.0716163
0.0477312	0.0931689	0.0844595	0.0484751	0.0316762	0.0989028	0.0187206	0.0530932	0.0239896	0.0739214	0.0557587	0.0380300	0.0282358	0.1417370	0.0869080	0.0751922
0.0486588	0.1016540	0.0782746	0.0498705	0.0310592	0.1073500	0.0167324	0.0531671	0.0232127	0.0771936	0.0494310	0.0357219	0.0288318	0.1501100	0.0745682	0.0741643
0.0465646	0.0887881	0.0733099	0.0555230	0.0349234	0.1047210	0.0196078	0.0764153	0.0257048	0.0770819	0.0551003	0.0464508	0.0251520	0.1221830	0.0715215	0.0769518
0.0479092	0.0950480	0.0809694	0.0532675	0.0308888	0.1042940	0.0177558	0.0588709	0.0228690	0.0721790	0.0474189	0.0377180	0.0284373	0.1465640	0.0782377	0.0775723
0.0476040	0.0946349	0.0746303	0.0498968	0.0417861	0.1035190	0.0192594	0.0551416	0.0253926	0.0720509	0.0518170	0.0349077	0.0318984	0.1400610	0.0836295	0.0737705
0.0447990	0.0965571	0.0840125	0.0487135	0.0303315	0.1008150	0.0198013	0.0559701	0.0227314	0.0732763	0.0544822	0.0352532	0.0300568	0.1437600	0.0841040	0.0753365
0.0505256	0.0955803	0.0872935	0.0513838	0.0306265	0.1031160	0.0170832	0.0516520	0.0230905	0.0736966	0.0520006	0.0362851	0.0286151	0.1427540	0.0807498	0.0755471
0.0485575	0.0960436	0.0858040	0.0541382	0.0321391	0.1037170	0.0181374	0.0536898	0.0233943	0.0728487	0.0551099	0.0369974	0.0282276	0.1349590	0.0811700	0.0750660
0.0414329	0.0818279	0.0637623	0.0447430	0.0563285	0.1121520	0.0250505	0.0524854	0.0328770	0.0732720	0.0614621	0.0309134	0.0389643	0.1384650	0.0842404	0.0620231
0.0349613	0.0708179	0.0594028	0.0378934	0.0648194	0.1144860	0.0312682	0.0509423	0.0429742	0.0748467	0.0780026	0.0368638	0.0404673	0.1214470	0.0839563	0.0568512
0.0462095	0.1018180	0.0794007	0.0488469	0.0313675	0.1066720	0.0167780	0.0518209	0.0240727	0.0776892	0.0499130	0.0353796	0.0296280	0.1499640	0.0765950	0.0738455
0.0466106	0.1023440	0.0795643	0.0533562	0.0312396	0.1090350	0.0178868	0.0558443	0.0238029	0.0783755	0.0519463	0.0374599	0.0262081	0.1420440	0.0735652	0.0707177
0.0506015	0.0945946	0.0852619	0.0500890	0.0317473	0.0933808	0.0165075	0.0541619	0.0233047	0.0712629	0.0503587	0.0380860	0.0315046	0.1465720	0.0824297	0.0801370
0.0486147	0.0939047	0.0811230	0.0510528	0.0348726	0.0999261	0.0186923	0.0541190	0.0243812	0.0698190	0.0545992	0.0387144	0.0330994	0.1383820	0.0809752	0.0777244
0.0494445	0.0936771	0.0894939	0.0567823	0.0274997	0.1010150	0.0188589	0.0549307	0.0216706	0.0665889	0.0570566	0.0410780	0.0266081	0.1348920	0.0807845	0.0796187
0.0473108	0.0943547	0.0802749	0.0516816	0.0324636	0.1020620	0.0174830	0.0566529	0.0246230	0.0747698	0.0509809	0.0383024	0.0289937	0.1430670	0.0769385	0.0800414
0.0473422	0.0998754	0.0780731	0.0513289	0.0289452	0.1085130	0.0176495	0.0575581	0.0225083	0.0813953	0.0475083	0.0376661	0.0241279	0.1504150	0.0736711	0.0734219
0.0484684	0.0955512	0.0830814	0.0491737	0.0314137	0.1063840	0.0173065	0.0528517	0.0220929	0.0762293	0.0525998	0.0380391	0.0266526	0.1457830	0.0783706	0.0760026
0.0496412	0.0989761	0.0807517	0.0489630	0.0299072	0.1009450	0.0175243	0.0513477	0.0226437	0.0760698	0.0510633	0.0364269	0.0295572	0.1504770	0.0813424	0.0743633
0.0537232	0.0965871	0.0825239	0.0533185	0.0324093	0.1019490	0.0170646	0.0569945	0.0231013	0.0727101	0.0486308	0.0381425	0.0275867	0.1439360	0.0749359	0.0763861
0.0488094	0.0936344	0.0804478	0.0522246	0.0339152	0.0987098	0.0178351	0.0588654	0.0240015	0.0704867	0.0502799	0.0394649	0.0293141	0.1432030	0.0806375	0.0781710
0.0529086	0.1002310	0.0824561	0.0546630	0.0307018	0.0942752	0.0175900	0.0518006	0.0238689	0.0734995	0.0498615	0.0374885	0.0295937	0.1435360	0.0769621	0.0805633
0.0464458	0.0966072	0.0817667	0.0493431	0.0337506	0.1069580	0.0189764	0.0524174	0.0241960	0.0749325	0.0528155	0.0366701	0.0268059	0.1450210	0.0806830	0.0726103
0.0479333	0.0973604	0.0878066	0.0506418	0.0313865	0.1062250	0.0179914	0.0533012	0.0241965	0.0753144	0.0543353	0.0377393	0.0271513	0.1361340	0.0798943	0.0725894
0.0491390	0.0940370	0.0845663	0.0518814	0.0331952	0.1029020	0.0182717	0.0585459	0.0233737	0.0719069	0.0502232	0.0401786	0.0282207	0.1395730	0.0761161	0.0778699
0.0505851	0.0944649	0.0836839	0.0527544	0.0331317	0.0995924	0.0176177	0.0568959	0.0228109	0.0709637	0.0513410	0.0392453	0.0304694	0.1406130	0.0794110	0.0764199
0.0468608	0.0939490	0.0846508	0.0506142	0.0308235	0.1046120	0.0186533	0.0571258	0.0217812	0.0746986	0.0540548	0.0379322	0.0260748	0.1387910	0.0814377	0.0779402
0.0477080	0.0922380	0.0814332	0.0556924	0.0354334	0.1035590	0.0181139	0.0583936	0.0248272	0.0680861	0.0526734	0.0375785	0.0296735	0.1372840	0.0802415	0.0770636
0.0481406	0.0941637	0.0730140	0.0606746	0.0322235	0.1165300	0.0169149	0.0664914	0.0231698	0.0743283	0.0501850	0.0440761	0.0253602	0.1260470	0.0716268	0.0770541
0.0476073	0.0993263	0.0900624	0.0430249	0.0266521	0.1010600	0.0160755	0.0477806	0.0215248	0.0750768	0.0538987	0.0331170	0.0288814	0.1600370	0.0862727	0.0696027
0.0457709	0.0968541	0.0749597	0.0505762	0.0340171	0.1149920	0.0188638	0.0565107	0.0244642	0.0816548	0.0554967	0.0377045	0.0259622	0.1335330	0.0788085	0.0698318
0.0491653	0.1005810	0.0834947	0.0494008	0.0309278	0.1057090	0.0180020	0.0525407	0.0210110	0.0748862	0.0506568	0.0364488	0.0283636	0.1443560	0.0808781	0.0735779
